en,zh,category,source
's,的,地名,FixedTranslations
"10,000,000 Volt Thunderbolt",千万伏特,技能,技能名称_英-中
ABANDONED SHIP,弃船,地名,FixedTranslations
ALTERING CAVE,变化洞窟,地名,FixedTranslations
ALWAYS,总是,菜单,PokemonCommonTranslation
ANCIENT TOMB,古代坟墓,地名,FixedTranslations
AQUA HIDEOUT,海洋队基地,地名,FixedTranslations
ATK,攻击,地名,FixedTranslations
Aarune,基利,地名,FixedTranslations
Ability Capsule,特性胶囊,道具,道具名称_英-中
Ability Patch,特性膏药,道具,道具名称_英-中
Ability Shield,特性护具,道具,道具名称_英-中
Abomasite,暴雪王进化石,道具,道具名称_英-中
Abomasnow,暴雪王,精灵,精灵名称_英-中
Abra,凯西,精灵,精灵名称_英-中
Absol,阿勃梭鲁,精灵,精灵名称_英-中
Absolite,阿勃梭鲁进化石,道具,道具名称_英-中
Absorb,吸取,技能,技能名称_英-中
Absorb Bulb,球根,道具,道具名称_英-中
Academy Ball,校园球,道具,道具名称_英-中
Academy Bottle,校园水壶,道具,道具名称_英-中
Academy Cup,校园水杯,道具,道具名称_英-中
Academy Tablecloth,校园桌巾,道具,道具名称_英-中
Accelerock,冲岩,技能,技能名称_英-中
Accelgor,敏捷虫,精灵,精灵名称_英-中
Acid,溶解液,技能,技能名称_英-中
Acid Armor,溶化,技能,技能名称_英-中
Acid Downpour,强酸剧毒灭绝雨,技能,技能名称_英-中
Acid Spray,酸液炸弹,技能,技能名称_英-中
Acro Bike,越野自行车,道具,道具名称_英-中
Acrobatics,杂技,技能,技能名称_英-中
Acupressure,点穴,技能,技能名称_英-中
Adamant,固执,地名,FixedTranslations
Adamant Crystal,大金刚宝玉,道具,道具名称_英-中
Adamant Mint,固执薄荷,道具,道具名称_英-中
Adamant Orb,金刚宝珠,道具,道具名称_英-中
Adaptability,适应力,特性,特性名称_英-中
Adrasti Warehouse,阿德拉斯蒂仓库,地名,FixedTranslations
Adrenaline Orb,胆怯球,道具,道具名称_英-中
Adventure Rules,探险心得,道具,道具名称_英-中
Aegislash,坚盾剑怪,精灵,精灵名称_英-中
Aerial Ace,燕返,技能,技能名称_英-中
Aerilate,飞行皮肤,特性,特性名称_英-中
Aeroblast,气旋攻击,技能,技能名称_英-中
Aerodactyl,化石翼龙,精灵,精灵名称_英-中
Aerodactylite,化石翼龙进化石,道具,道具名称_英-中
After You,您先请,技能,技能名称_英-中
Aftermath,引爆,特性,特性名称_英-中
Aggron,波士可多拉,精灵,精灵名称_英-中
Aggronite,波士可多拉进化石,道具,道具名称_英-中
Agility,高速移动,技能,技能名称_英-中
Aguav Berry,乐芭果,道具,道具名称_英-中
Aipom,长尾怪手,精灵,精灵名称_英-中
Air Balloon,气球,道具,道具名称_英-中
Air Cutter,空气利刃,技能,技能名称_英-中
Air Lock,气闸,特性,特性名称_英-中
Air Mail,天空邮件,道具,道具名称_英-中
Air Slash,空气斩,技能,技能名称_英-中
Aisleyne,艾斯莱恩,地名,FixedTranslations
Alakazam,胡地,精灵,精灵名称_英-中
Alakazite,胡地进化石,道具,道具名称_英-中
Alcremie,霜奶仙,精灵,精灵名称_英-中
All-Out Pummeling,全力无双激烈拳,技能,技能名称_英-中
Ally Switch,交换场地,技能,技能名称_英-中
Alomomola,保姆曼波,精灵,精灵名称_英-中
Aloraichium Z,阿罗雷Z,道具,道具名称_英-中
Altaria,七夕青鸟,精灵,精灵名称_英-中
Altarianite,七夕青鸟进化石,道具,道具名称_英-中
Amaura,冰雪龙,精灵,精灵名称_英-中
Amaze Mulch,超效肥,道具,道具名称_英-中
Ambipom,双尾怪手,精灵,精灵名称_英-中
Amnesia,瞬间失忆,技能,技能名称_英-中
Amoonguss,败露球菇,精灵,精灵名称_英-中
Ampharos,电龙,精灵,精灵名称_英-中
Ampharosite,电龙进化石,道具,道具名称_英-中
Amulet Coin,护符金币,道具,道具名称_英-中
Anabel,莉拉,地名,FixedTranslations
Analytic,分析,特性,特性名称_英-中
Anchor Shot,掷锚,技能,技能名称_英-中
Ancient Power,原始之力,技能,技能名称_英-中
AncientPower,原始之力,技能,技能名称_英-中
Anger Point,愤怒穴位,特性,特性名称_英-中
Anger Shell,愤怒甲壳,特性,特性名称_英-中
Annihilape,弃世猴,精灵,精灵名称_英-中
Anorith,太古羽虫,精灵,精灵名称_英-中
Anticipation,危险预知,特性,特性名称_英-中
Antidote,解毒药,道具,道具名称_英-中
Apicot Berry,杏仔果,道具,道具名称_英-中
Apple,苹果片,道具,道具名称_英-中
Apple Acid,苹果酸,技能,技能名称_英-中
Appletun,丰蜜龙,精灵,精灵名称_英-中
Applin,啃果虫,精灵,精灵名称_英-中
Apricorn,球果果,道具,道具名称_英-中
Apricorn BoX,球果盒,道具,道具名称_英-中
Aqua Cutter,水波刀,技能,技能名称_英-中
Aqua Jet,水流喷射,技能,技能名称_英-中
Aqua Ring,水流环,技能,技能名称_英-中
Aqua Step,流水旋舞,技能,技能名称_英-中
Aqua Suit,海洋装,道具,道具名称_英-中
Aqua Tail,水流尾,技能,技能名称_英-中
Aqueus Corporation,海洋队总部,地名,FixedTranslations
Araquanid,滴蛛霸,精灵,精灵名称_英-中
Arbok,阿柏怪,精灵,精灵名称_英-中
Arboliva,奥利瓦,精灵,精灵名称_英-中
Arcanine,风速狗,精灵,精灵名称_英-中
Arceus,阿尔宙斯,精灵,精灵名称_英-中
Archen,始祖小鸟,精灵,精灵名称_英-中
Archeops,始祖大鸟,精灵,精灵名称_英-中
Archie,水梧桐,地名,FixedTranslations
Archie's Note,水梧桐的笔记,道具,PokemonCommonTranslation
Archie’s Note,水梧桐的笔记,地名,FixedTranslations
Arctibax,冻脊龙,精灵,精灵名称_英-中
Arctovish,鳃鱼海兽,精灵,精灵名称_英-中
Arctozolt,雷鸟海兽,精灵,精灵名称_英-中
Arena Trap,沙穴,特性,特性名称_英-中
Ariados,阿利多斯,精灵,精灵名称_英-中
Aries,艾丝,地名,FixedTranslations
Arm Thrust,猛推,技能,技能名称_英-中
Armaldo,太古盔甲,精灵,精灵名称_英-中
Armarouge,红莲铠骑,精灵,精灵名称_英-中
Armor Cannon,铠农炮,技能,技能名称_英-中
Armor Fossil,盾甲化石,道具,道具名称_英-中
Armor Pass,铠甲车票,道具,道具名称_英-中
Armor Tail,尾甲,特性,特性名称_英-中
Armorite Ore,铠甲矿石,道具,道具名称_英-中
Aroma Veil,芳香幕,特性,特性名称_英-中
Aromatherapy,芳香治疗,技能,技能名称_英-中
Aromatic Mist,芳香薄雾,技能,技能名称_英-中
Aromatisse,芳香精,精灵,精灵名称_英-中
Aron,可可多拉,精灵,精灵名称_英-中
Arrokuda,刺梭鱼,精灵,精灵名称_英-中
Artefact,人工制品,地名,FixedTranslations
Articuno,急冻鸟,精灵,精灵名称_英-中
Artisan Cave,工匠之穴,地名,FixedTranslations
As One,人马一体,特性,特性名称_英-中
Aspear Berry,利木果,道具,道具名称_英-中
Assault Vest,突击背心,道具,道具名称_英-中
Assist,借助,技能,技能名称_英-中
Assurance,恶意追击,技能,技能名称_英-中
Astonish,惊吓,技能,技能名称_英-中
Astral Barrage,星碎,技能,技能名称_英-中
Atenza,阿特兹,地名,FixedTranslations
Attack Order,攻击指令,技能,技能名称_英-中
Attract,迷人,技能,技能名称_英-中
AuX Evasion,闪避强化,道具,道具名称_英-中
AuX Guard,防守药丸,道具,道具名称_英-中
AuX Power,进攻药丸,道具,道具名称_英-中
AuX Powerguard,多重强化,道具,道具名称_英-中
Audinite,差不多娃娃进化石,道具,道具名称_英-中
Audino,差不多娃娃,精灵,精灵名称_英-中
Aura Break,气场破坏,特性,特性名称_英-中
Aura Sphere,波导弹,技能,技能名称_英-中
Aura Wheel,气场轮,技能,技能名称_英-中
Aurora Beam,极光束,技能,技能名称_英-中
Aurora Veil,极光幕,技能,技能名称_英-中
AuroraTicket,极光船票,道具,道具名称_英-中
Aurorus,冰雪巨龙,精灵,精灵名称_英-中
Auspicious Armor,庆祝之铠,道具,道具名称_英-中
Austin,奥斯丁,地名,FixedTranslations
Autograph,马志士的签名,道具,道具名称_英-中
Autotomize,身体轻量化,技能,技能名称_英-中
Avalanche,雪崩,技能,技能名称_英-中
Avalugg,冰岩怪,精灵,精灵名称_英-中
Avlar,阿夫拉尔,地名,FixedTranslations
Avocado,牛油果,道具,道具名称_英-中
Awakening,解眠药,道具,道具名称_英-中
Axe Kick,下压踢,技能,技能名称_英-中
Axew,牙牙,精灵,精灵名称_英-中
Azelf,亚克诺姆,精灵,精灵名称_英-中
Azelf's Fang,亚克诺姆之牙,道具,PokemonCommonTranslation
Azelf’s Fang,亚克诺姆之牙,道具,道具名称_英-中
Azumarill,玛力露丽,精灵,精灵名称_英-中
Azure Flute,天界之笛,道具,道具名称_英-中
Azurill,露力丽,精灵,精灵名称_英-中
B&W Grass Tablecloth,黑白草丛桌巾,道具,道具名称_英-中
BADGES,徽章,菜单,PokemonCommonTranslation
BAG,包,菜单,PokemonCommonTranslation
BART,巴鲁,地名,FixedTranslations
BATTLE,战斗,菜单,PokemonCommonTranslation
BATTLE TOWER,对战塔,地名,FixedTranslations
BATTLES,战斗,菜单,PokemonCommonTranslation
BERRY FOREST,果实森林,地名,FixedTranslations
BIRTH ISLAND,诞生之岛,地名,FixedTranslations
BOND BRIDGE,索桥,地名,FixedTranslations
Babiri Berry,霹霹果,道具,道具名称_英-中
Baby-Doll Eyes,圆瞳,技能,技能名称_英-中
Bach's Food Tins,巴哈罐头,道具,PokemonCommonTranslation
Bach’s Food Tins,巴哈罐头,道具,道具名称_英-中
Bacon,煎培根,道具,道具名称_英-中
Bad Dreams,梦魇,特性,特性名称_英-中
Baddy Bad,坏坏领域,技能,技能名称_英-中
Badly Poison,剧毒,地名,FixedTranslations
Bagon,宝贝龙,精灵,精灵名称_英-中
Baguette,长棍面包,道具,道具名称_英-中
Ball Fetch,捡球,特性,特性名称_英-中
Ball of Mud,泥丸,道具,道具名称_英-中
Balm Mushroom,芳香蘑菇,道具,道具名称_英-中
Baltoy,天秤偶,精灵,精灵名称_英-中
Banana,香蕉片,道具,道具名称_英-中
Banana Garden,香蕉乐园,地名,FixedTranslations
Band Autograph,乐队的签名,道具,道具名称_英-中
Baneful Bunker,碉堡,技能,技能名称_英-中
Banette,诅咒娃娃,精灵,精灵名称_英-中
Banettite,诅咒娃娃进化石,道具,道具名称_英-中
Barb Barrage,毒千针,技能,技能名称_英-中
Barbaracle,龟足巨铠,精灵,精灵名称_英-中
Barboach,泥泥鳅,精灵,精灵名称_英-中
Barrage,投球,技能,技能名称_英-中
Barraskewda,戽斗尖梭,精灵,精灵名称_英-中
Barred Cup,横条纹水杯,道具,道具名称_英-中
Barrier,屏障,技能,技能名称_英-中
Basalt Burg,玄武岩堡,地名,FixedTranslations
Basculegion,幽尾玄鱼,精灵,精灵名称_英-中
Basculegion Food,幽尾玄鱼丸,道具,道具名称_英-中
Basculin,野蛮鲈鱼,精灵,精灵名称_英-中
Basement Key,地下钥匙,道具,道具名称_英-中
Bashful,害羞,地名,FixedTranslations
Basil,罗勒,道具,道具名称_英-中
Bastiodon,护城龙,精灵,精灵名称_英-中
Baton Pass,接棒,技能,技能名称_英-中
Battery,蓄电池,特性,特性名称_英-中
Battle Armor,战斗盔甲,特性,特性名称_英-中
Battle Bond,牵绊变身,特性,特性名称_英-中
Battle Pocket,对战口袋,道具,道具名称_英-中
Battle Tablecloth,对决桌巾,道具,道具名称_英-中
Baxcalibur,戟脊龙,精灵,精灵名称_英-中
Bayleef,月桂叶,精灵,精灵名称_英-中
Beach Glass,海边的玻璃,道具,道具名称_英-中
Bead Mail,珠宝邮件,道具,道具名称_英-中
Beads of Ruin,灾祸之玉,特性,特性名称_英-中
Beak Blast,鸟嘴加农炮,技能,技能名称_英-中
Bean Cake,豆诱团,道具,道具名称_英-中
Beartic,冻原熊,精灵,精灵名称_英-中
Beast Ball,究极球,道具,道具名称_英-中
Beast Boost,异兽提升,特性,特性名称_英-中
Beat Up,围攻,技能,技能名称_英-中
Beautifly,狩猎凤蝶,精灵,精灵名称_英-中
Beedrill,大针蜂,精灵,精灵名称_英-中
Beedrillite,大针蜂进化石,道具,道具名称_英-中
Beheeyem,大宇怪,精灵,精灵名称_英-中
Behemoth Bash,巨兽弹,技能,技能名称_英-中
Behemoth Blade,巨兽斩,技能,技能名称_英-中
Belch,打嗝,技能,技能名称_英-中
Beldum,铁哑铃,精灵,精灵名称_英-中
Bellibolt,电肚蛙,精灵,精灵名称_英-中
Bellossom,美丽花,精灵,精灵名称_英-中
Bellsprout,喇叭芽,精灵,精灵名称_英-中
Belly Drum,腹鼓,技能,技能名称_英-中
Belue Berry,靛莓果,道具,道具名称_英-中
Bergmite,冰宝,精灵,精灵名称_英-中
Berry,果实,道具,道具名称_英-中
Berry Juice,树果汁,道具,道具名称_英-中
Berry Pots,树果种植盆,道具,道具名称_英-中
Berry Pouch,树果袋,道具,道具名称_英-中
Berry Sweet,野莓糖饰,道具,道具名称_英-中
Berserk,怒火冲天,特性,特性名称_英-中
Berserk Gene,破坏基因,道具,道具名称_英-中
Bestow,传递礼物,技能,技能名称_英-中
Bewear,穿着熊,精灵,精灵名称_英-中
Bibarel,大尾狸,精灵,精灵名称_英-中
Bicycle,自行车,道具,道具名称_英-中
Bide,忍耐,技能,技能名称_英-中
Bidoof,大牙狸,精灵,精灵名称_英-中
Big Bamboo Shoot,大竹笋,道具,道具名称_英-中
Big Malasada,大马拉萨达,道具,道具名称_英-中
Big Mushroom,大蘑菇,道具,道具名称_英-中
Big Nugget,巨大金珠,道具,道具名称_英-中
Big Pearl,大珍珠,道具,道具名称_英-中
Big Pecks,健壮胸肌,特性,特性名称_英-中
Big Root,大根茎,道具,道具名称_英-中
Bike Voucher,兑换券,道具,道具名称_英-中
Binacle,龟脚脚,精灵,精灵名称_英-中
Bind,绑紧,技能,技能名称_英-中
Binding Band,紧绑束带,道具,道具名称_英-中
Bisharp,劈斩司令,精灵,精灵名称_英-中
Bite,咬住,技能,技能名称_英-中
Bitter Berry,苦涩的果实,道具,道具名称_英-中
Bitter Blade,悔念剑,技能,技能名称_英-中
Bitter Herba Mystica,秘传：苦味料,道具,道具名称_英-中
Bitter Malice,冤冤相报,技能,技能名称_英-中
Blacephalon,砰头小丑,精灵,精灵名称_英-中
Black Apricorn,黑球果,道具,道具名称_英-中
Black Augurite,黑奇石,道具,道具名称_英-中
Black Belt,黑带,道具,道具名称_英-中
Black Flute,黑色玻璃哨,道具,道具名称_英-中
Black Glasses,黑色眼镜,道具,道具名称_英-中
Black Hole Eclipse,黑洞吞噬万物灭,技能,技能名称_英-中
Black Mane Hair,黑色鬃毛,道具,道具名称_英-中
Black Sludge,黑色污泥,道具,道具名称_英-中
Black Tea,红茶,地名,FixedTranslations
Black Tumblestone,黑玉石,道具,道具名称_英-中
BlackGlasses,黑色眼镜,道具,道具名称_英-中
Blank Plate,净空石板,道具,道具名称_英-中
Blast Burn,爆炸烈焰,技能,技能名称_英-中
Blastoise,水箭龟,精灵,精灵名称_英-中
Blastoisinite,水箭龟进化石,道具,道具名称_英-中
Blaze,猛火,特性,特性名称_英-中
Blaze Kick,火焰踢,技能,技能名称_英-中
Blaziken,火焰鸡,精灵,精灵名称_英-中
Blazikenite,火焰鸡进化石,道具,道具名称_英-中
Blazing Torque,灼热暴冲,技能,技能名称_英-中
Bleakwind Storm,枯叶风暴,技能,技能名称_英-中
Blipbug,索侦虫,精灵,精灵名称_英-中
Blissey,幸福蛋,精灵,精灵名称_英-中
Blitzle,斑斑马,精灵,精灵名称_英-中
Blizzard,暴风雪,技能,技能名称_英-中
Block,挡路,技能,技能名称_英-中
Bloom Doom,绚烂缤纷花怒放,技能,技能名称_英-中
Bloom Mail,绽放邮件,道具,道具名称_英-中
Blue Apricorn,蓝球果,道具,道具名称_英-中
Blue Bottle,蓝色水壶,道具,道具名称_英-中
Blue Card,蓝卡,道具,道具名称_英-中
Blue Cup,蓝色水杯,道具,道具名称_英-中
Blue Dish,蓝色盘子,道具,道具名称_英-中
Blue Flare,青焰,技能,技能名称_英-中
Blue Flute,蓝色玻璃哨,道具,道具名称_英-中
Blue Orb,靛蓝色宝珠,道具,道具名称_英-中
Blue Petal,蓝色花瓣,道具,道具名称_英-中
Blue Poké Ball Pick,蓝珠珠三明治签,道具,道具名称_英-中
Blue Scarf,蓝色头巾,道具,道具名称_英-中
Blue Shard,蓝色碎片,道具,道具名称_英-中
Blue Tablecloth,蓝色桌巾,道具,道具名称_英-中
Blue-Flag Pick,蓝旗子三明治签,道具,道具名称_英-中
Blue-Sky Flower Pick,晴空花三明治签,道具,道具名称_英-中
Bluesky Mail,蓝天邮件,道具,道具名称_英-中
Bluk Berry,墨莓果,道具,道具名称_英-中
Blunder Policy,打空保险,道具,道具名称_英-中
Bob's Food Tins,饱伯罐头,道具,PokemonCommonTranslation
Bob’s Food Tins,饱伯罐头,道具,道具名称_英-中
Body Press,扑击,技能,技能名称_英-中
Body Slam,泰山压顶,技能,技能名称_英-中
Boiled Eggs,水煮蛋,道具,道具名称_英-中
Bold,大胆,地名,FixedTranslations
Bold Mint,大胆薄荷,道具,道具名称_英-中
Boldore,地幔岩,精灵,精灵名称_英-中
Bolt Beak,电喙,技能,技能名称_英-中
Bolt Strike,雷击,技能,技能名称_英-中
Boltund,逐电犬,精灵,精灵名称_英-中
Bombirdier,下石鸟,精灵,精灵名称_英-中
Bone Club,骨棒,技能,技能名称_英-中
Bone Rush,骨棒乱打,技能,技能名称_英-中
Bonemerang,骨头回力镖,技能,技能名称_英-中
Bonsly,盆才怪,精灵,精灵名称_英-中
Boomburst,爆音波,技能,技能名称_英-中
Boost Mulch,劲劲肥,道具,道具名称_英-中
Booster Energy,驱劲能量,道具,道具名称_英-中
Bottle Cap,银色王冠,道具,道具名称_英-中
Bouffalant,爆炸头水牛,精灵,精灵名称_英-中
BoulderBadge,灰色徽章,道具,道具名称_英-中
Bounce,弹跳,技能,技能名称_英-中
Bouncy Bubble,活活气泡,技能,技能名称_英-中
Bounsweet,甜竹竹,精灵,精灵名称_英-中
Bouquet,鲜花,地名,FixedTranslations
Boxing Glove,拳击手套,地名,FixedTranslations
Braixen,长尾火狐,精灵,精灵名称_英-中
Brambleghast,怖纳噬草,精灵,精灵名称_英-中
Bramblin,纳噬草,精灵,精灵名称_英-中
Branch Poke,木枝突刺,技能,技能名称_英-中
Brandon,神代,地名,FixedTranslations
Brave,勇敢,地名,FixedTranslations
Brave Bird,勇鸟猛攻,技能,技能名称_英-中
Brave Mint,勇敢薄荷,道具,道具名称_英-中
Braviary,勇士雄鹰,精灵,精灵名称_英-中
Brawly,藤树,地名,FixedTranslations
Bread,吐司面包,道具,道具名称_英-中
Breaking Swipe,广域破坏,技能,技能名称_英-中
Breakneck Blitz,究极无敌大冲撞,技能,技能名称_英-中
Breloom,斗笠菇,精灵,精灵名称_英-中
Brendan,小悠,地名,FixedTranslations
Brick Break,劈瓦,技能,技能名称_英-中
Brick Mail,砖块邮件,道具,道具名称_英-中
Brick Piece,砖瓦碎片,道具,道具名称_英-中
Bridge Mail D,桥梁邮件H,道具,道具名称_英-中
Bridge Mail M,桥梁邮件W,道具,道具名称_英-中
Bridge Mail S,桥梁邮件S,道具,道具名称_英-中
Bridge Mail T,桥梁邮件C,道具,道具名称_英-中
Bridge Mail V,桥梁邮件V,道具,道具名称_英-中
Bright Powder,光粉,道具,道具名称_英-中
BrightPowder,光粉,道具,道具名称_英-中
Brine,盐水,技能,技能名称_英-中
Brionne,花漾海狮,精灵,精灵名称_英-中
Brittle Bones,细骨,道具,道具名称_英-中
Bronze Bottle,铜钛水壶,道具,道具名称_英-中
Bronze Cup,铜钛水杯,道具,道具名称_英-中
Bronzong,青铜钟,精灵,精灵名称_英-中
Bronzor,铜镜怪,精灵,精灵名称_英-中
Brutal Swing,狂舞挥打,技能,技能名称_英-中
Brute Bonnet,猛恶菇,精灵,精灵名称_英-中
BruteBonnet,猛恶菇,精灵名,PokemonCommonTranslation
Bruxish,磨牙彩皮鱼,精灵,精灵名称_英-中
Bubble,泡沫,技能,技能名称_英-中
Bubble Beam,泡沫光线,技能,技能名称_英-中
Bubble Mail,水蓝邮件,道具,道具名称_英-中
BubbleBeam,泡沫光线,技能,技能名称_英-中
Budew,含羞苞,精灵,精灵名称_英-中
Bug,虫,地名,FixedTranslations
Bug Bite,虫咬,技能,技能名称_英-中
Bug Buzz,虫鸣,技能,技能名称_英-中
Bug Gem,虫之宝石,道具,道具名称_英-中
Bug Memory,虫子存储碟,道具,道具名称_英-中
Bug Tera Shard,虫太晶碎块,道具,道具名称_英-中
Buginium Z,虫Z,道具,道具名称_英-中
Bugwort,除虫草,道具,道具名称_英-中
Buizel,泳圈鼬,精灵,精灵名称_英-中
Bulbasaur,妙蛙种子,精灵,精灵名称_英-中
Bulk Up,健美,技能,技能名称_英-中
Bulldoze,重踏,技能,技能名称_英-中
Bullet Punch,子弹拳,技能,技能名称_英-中
Bullet Seed,种子机关枪,技能,技能名称_英-中
Bulletproof,防弹,特性,特性名称_英-中
Buneary,卷卷耳,精灵,精灵名称_英-中
Bunnelby,掘掘兔,精灵,精灵名称_英-中
Burmy,结草儿,精灵,精灵名称_英-中
Burn Drive,火焰卡带,道具,道具名称_英-中
Burn Heal,灼伤药,道具,道具名称_英-中
Burn Up,燃尽,技能,技能名称_英-中
Burning Jealousy,妒火,技能,技能名称_英-中
Burnt Berry,烧烤的果实,道具,道具名称_英-中
Butter,黄油,道具,道具名称_英-中
Butterfree,巴大蝶,精灵,精灵名称_英-中
Buzzwole,爆肌蚊,精灵,精灵名称_英-中
Buzzy Buzz,麻麻电击,技能,技能名称_英-中
CANCEL,返回,菜单,PokemonCommonTranslation
CANYON ENTRANCE,溪谷入口,地名,FixedTranslations
CAPE BRINK,岐波海湾,地名,FixedTranslations
CAVE OF ORIGIN,觉醒神殿,地名,FixedTranslations
CELADON CITY,玉虹市,地名,FixedTranslations
CERULEAN CAVE,华蓝洞窟,地名,FixedTranslations
CERULEAN CITY,华蓝市,地名,FixedTranslations
CHEATS,作弊,菜单,PokemonCommonTranslation
CINNABAR ISLAND,红莲岛,地名,FixedTranslations
CONTINUE,继续,菜单,PokemonCommonTranslation
COURTNEY,火雁,地名,FixedTranslations
CUSTOM,自定义,菜单,PokemonCommonTranslation
Cacnea,刺球仙人掌,精灵,精灵名称_英-中
Cacophony,噪音,特性,特性名称_英-中
Cacturne,梦歌仙人掌,精灵,精灵名称_英-中
Cake-Lure Base,诱团原料,道具,道具名称_英-中
Calcium,特攻增强剂,道具,道具名称_英-中
Callum,卡勒姆,地名,FixedTranslations
Calm,温和,地名,FixedTranslations
Calm Mind,冥想,技能,技能名称_英-中
Calm Mint,温和薄荷,道具,道具名称_英-中
Calyrex,蕾冠王,精灵,精灵名称_英-中
Camerupt,喷火驼,精灵,精灵名称_英-中
Cameruptite,喷火驼进化石,道具,道具名称_英-中
Camouflage,保护色,技能,技能名称_英-中
Camping Gear,露营组合,道具,道具名称_英-中
Candy Jar,糖果罐,道具,道具名称_英-中
Candy Truffle,甜松露,道具,道具名称_英-中
Capsakid,热辣娃,精灵,精灵名称_英-中
Captain Stern,库斯诺吉馆长,地名,FixedTranslations
Captivate,诱惑,技能,技能名称_英-中
Carbink,小碎钻,精灵,精灵名称_英-中
Carbos,速度增强剂,道具,道具名称_英-中
Card Key,钥匙卡,道具,道具名称_英-中
Careful,慎重,地名,FixedTranslations
Careful Mint,慎重薄荷,道具,道具名称_英-中
Carkol,大炭车,精灵,精灵名称_英-中
Carnivine,尖牙笼,精灵,精灵名称_英-中
Carol,卡罗,地名,FixedTranslations
Carracosta,肋骨海龟,精灵,精灵名称_英-中
Carrot Seeds,萝卜种子,道具,道具名称_英-中
Carvanha,利牙鱼,精灵,精灵名称_英-中
CascadeBadge,蓝色徽章,道具,道具名称_英-中
Cascoon,盾甲茧,精灵,精灵名称_英-中
Cassia,卡西亚,地名,FixedTranslations
Casteliacone,飞云冰淇淋,道具,道具名称_英-中
Caster Fern,弹子萁,道具,道具名称_英-中
Castform,飘浮泡泡,精灵,精灵名称_英-中
Catastropika,皮卡皮卡必杀击,技能,技能名称_英-中
Catching Charm,防晃护符,道具,道具名称_英-中
Catching Pocket,捕捉口袋,道具,道具名称_英-中
Caterpie,绿毛虫,精灵,精灵名称_英-中
Ceaseless Edge,秘剑?千重涛,技能,PokemonCommonTranslation
Celebi,时拉比,精灵,精灵名称_英-中
Celebrate,庆祝,技能,技能名称_英-中
Celesteela,铁火辉夜,精灵,精灵名称_英-中
Celestica Flute,神阖之笛,道具,道具名称_英-中
Cell Battery,充电电池,道具,道具名称_英-中
Centiskorch,焚焰蚣,精灵,精灵名称_英-中
Ceruledge,苍炎刃鬼,精灵,精灵名称_英-中
Cetitan,浩大鲸,精灵,精灵名称_英-中
Cetoddle,走鲸,精灵,精灵名称_英-中
Chalky Stone,粉笔石,道具,道具名称_英-中
Champion's Peak,冠军之峰,地名,PokemonCommonTranslation
Champion’s?Peak,冠军之峰,地名,FixedTranslations
Chandelure,水晶灯火灵,精灵,精灵名称_英-中
Chansey,吉利蛋,精灵,精灵名称_英-中
Charcadet,炭小侍,精灵,精灵名称_英-中
Charcoal,木炭,道具,道具名称_英-中
Charge,充电,技能,技能名称_英-中
Charge Beam,充电光束,技能,技能名称_英-中
Charizard,喷火龙,精灵,精灵名称_英-中
Charizardite X,喷火龙进化石X,道具,道具名称_英-中
Charizardite Y,喷火龙进化石Y,道具,道具名称_英-中
Charjabug,虫电宝,精灵,精灵名称_英-中
Charlotte,夏洛特,地名,FixedTranslations
Charm,撒娇,技能,技能名称_英-中
Charmander,小火龙,精灵,精灵名称_英-中
Charmeleon,火恐龙,精灵,精灵名称_英-中
Charti Berry,草蚕果,道具,道具名称_英-中
Chatot,聒噪鸟,精灵,精灵名称_英-中
Chatter,喋喋不休,技能,技能名称_英-中
Chaz,葛蔓,地名,FixedTranslations
Check Details,检查状况,地名,FixedTranslations
Cheek Pouch,颊囊,特性,特性名称_英-中
Cheese,芝士片,道具,道具名称_英-中
Cheri Berry,樱子果,道具,道具名称_英-中
Cherish Ball,贵重球,道具,道具名称_英-中
Cherrim,樱花儿,精灵,精灵名称_英-中
Cherry Tomatoes,小番茄块,道具,道具名称_英-中
Cherubi,樱花宝,精灵,精灵名称_英-中
Chesnaught,布里卡隆,精灵,精灵名称_英-中
Chespin,哈力栗,精灵,精灵名称_英-中
Chesto Berry,零余果,道具,道具名称_英-中
Chewtle,咬咬龟,精灵,精灵名称_英-中
Chi-Yu,古玉鱼,精灵,精灵名称_英-中
Chien-Pao,古剑豹,精灵,精灵名称_英-中
Chikorita,菊草叶,精灵,精灵名称_英-中
Chilan Berry,灯浆果,道具,道具名称_英-中
Chili Sauce,辣酱,道具,道具名称_英-中
Chill Ball,寒冰球,地名,FixedTranslations
Chill Drive,冰冻卡带,道具,道具名称_英-中
Chilling Neigh,苍白嘶鸣,特性,特性名称_英-中
Chilling Water,泼冷水,技能,技能名称_英-中
Chilly Reception,冷笑话,技能,技能名称_英-中
Chimchar,小火焰猴,精灵,精灵名称_英-中
Chimecho,风铃铃,精灵,精灵名称_英-中
Chimney Pepper,烟囱胡椒,地名,FixedTranslations
Chinchou,灯笼鱼,精灵,精灵名称_英-中
Chingling,铃铛响,精灵,精灵名称_英-中
Chip Away,逐步击破,技能,技能名称_英-中
Chipped Pot,缺损的茶壶,道具,道具名称_英-中
Chloroblast,叶绿爆震,技能,技能名称_英-中
Chlorophyll,叶绿素,特性,特性名称_英-中
Choice Band,讲究头带,道具,道具名称_英-中
Choice Dumpling,讲究粽,道具,道具名称_英-中
Choice Scarf,讲究围巾,道具,道具名称_英-中
Choice Specs,讲究眼镜,道具,道具名称_英-中
Chople Berry,莲蒲果,道具,道具名称_英-中
Chorizo,煎辣香肠,道具,道具名称_英-中
Cinccino,奇诺栗鼠,精灵,精灵名称_英-中
Cinderace,闪焰王牌,精灵,精灵名称_英-中
Circle Throw,巴投,技能,技能名称_英-中
Clamp,贝壳夹击,技能,技能名称_英-中
Clamperl,珍珠贝,精灵,精灵名称_英-中
Clanging Scales,鳞片噪音,技能,技能名称_英-中
Clangorous Soul,魂舞烈音爆,技能,技能名称_英-中
Clangorous Soulblaze,炽魂热舞烈音爆,技能,技能名称_英-中
Clarence,克拉伦斯,地名,FixedTranslations
Clauncher,铁臂枪虾,精灵,精灵名称_英-中
Claw Fossil,爪子化石,道具,道具名称_英-中
Clawitzer,钢炮臂虾,精灵,精灵名称_英-中
Claydol,念力土偶,精灵,精灵名称_英-中
Cleanse Tag,洁净之符,道具,道具名称_英-中
Clear Amulet,清净坠饰,道具,道具名称_英-中
Clear Bell,透明铃铛,道具,道具名称_英-中
Clear Body,恒净之躯,特性,特性名称_英-中
Clear Smog,清除之烟,技能,技能名称_英-中
Clearwater Cape,清水角,地名,PokemonCommonTranslation
Clearwater?Cape,清水角,地名,FixedTranslations
Clefable,皮可西,精灵,精灵名称_英-中
Clefairy,皮皮,精灵,精灵名称_英-中
Cleffa,皮宝宝,精灵,精灵名称_英-中
Clever Wing,精神之羽,道具,道具名称_英-中
Clifftop Town,崖顶镇,地名,PokemonCommonTranslation
Clifftop?Town,崖顶镇,地名,FixedTranslations
Cling,墨守,地名,FixedTranslations
Clobbopus,拳拳蛸,精灵,精灵名称_英-中
Clodsire,土王,精灵,精灵名称_英-中
Close Combat,近身战,技能,技能名称_英-中
Clothing Trunk,换装箱,道具,道具名称_英-中
Cloud Nine,乐天,特性,特性名称_英-中
Clover Sweet,幸运草糖饰,道具,道具名称_英-中
Cloyster,刺甲贝,精灵,精灵名称_英-中
Coaching,指导,技能,技能名称_英-中
Coalossal,巨炭山,精灵,精灵名称_英-中
Coba Berry,棱瓜果,道具,道具名称_英-中
Cobalion,勾帕路翁,精灵,精灵名称_英-中
Coconut Milk,椰奶,道具,道具名称_英-中
Cofagrigus,迭失棺,精灵,精灵名称_英-中
Coil,盘蜷,技能,技能名称_英-中
Coin Case,代币盒,道具,道具名称_英-中
Colbur Berry,刺耳果,道具,道具名称_英-中
Collision Course,全开猛撞,技能,技能名称_英-中
Color Change,变色,特性,特性名称_英-中
Colress Machine,阿克罗玛机器,道具,道具名称_英-中
Colton,科尔顿,地名,FixedTranslations
Comatose,绝对睡眠,特性,特性名称_英-中
Combat Torque,格斗暴冲,技能,技能名称_英-中
Combee,三蜜蜂,精灵,精灵名称_英-中
Combusken,力壮鸡,精灵,精灵名称_英-中
Comet Punch,连续拳,技能,技能名称_英-中
Comet Shard,彗星碎片,道具,道具名称_英-中
Comeuppance,复仇,技能,技能名称_英-中
Comfey,花疗环环,精灵,精灵名称_英-中
Commander,发号施令,特性,特性名称_英-中
Common,普通,地名,FixedTranslations
Common Stone,常见石,道具,道具名称_英-中
Competitive,好胜,特性,特性名称_英-中
Compound Eyes,复眼,特性,特性名称_英-中
CompoundEyes,复眼,特性,特性名称_英-中
Confide,密语,技能,技能名称_英-中
Confuse Ray,奇异之光,技能,技能名称_英-中
Confusion,念力,技能,技能名称_英-中
Conkeldurr,修建老匠,精灵,精灵名称_英-中
Constrict,缠绕,技能,技能名称_英-中
Contest Costume,演出礼服,道具,道具名称_英-中
Contest Pass,华丽大赛参加证,道具,道具名称_英-中
Continental Crush,毁天灭地巨岩坠,技能,技能名称_英-中
Contrary,唱反调,特性,特性名称_英-中
Conversion,纹理,技能,技能名称_英-中
Conversion 2,纹理2,技能,技能名称_英-中
Copperajah,大王铜象,精灵,精灵名称_英-中
Copycat,仿效,技能,技能名称_英-中
Core Enforcer,核心惩罚者,技能,技能名称_英-中
Corkscrew Crash,超绝螺旋连击,技能,技能名称_英-中
Cornn Berry,玉黍果,道具,道具名称_英-中
Corphish,龙虾小兵,精灵,精灵名称_英-中
Corrosion,腐蚀,特性,特性名称_英-中
Corrosive Gas,腐蚀气体,技能,技能名称_英-中
Corsola,太阳珊瑚,精灵,精灵名称_英-中
Corviknight,钢铠鸦,精灵,精灵名称_英-中
Corvisquire,蓝鸦,精灵,精灵名称_英-中
Cosmetics,化妆品,地名,FixedTranslations
Cosmic Power,宇宙力量,技能,技能名称_英-中
Cosmoem,科斯莫姆,精灵,精灵名称_英-中
Cosmog,科斯莫古,精灵,精灵名称_英-中
Costar,同台共演,特性,特性名称_英-中
Cotton Down,棉絮,特性,特性名称_英-中
Cotton Guard,棉花防守,技能,技能名称_英-中
Cotton Spore,棉孢子,技能,技能名称_英-中
Cottonee,木棉球,精灵,精灵名称_英-中
Counter,双倍奉还,技能,技能名称_英-中
Coupon 1,兑换券1,道具,道具名称_英-中
Coupon 2,兑换券2,道具,道具名称_英-中
Coupon 3,兑换券3,道具,道具名称_英-中
Courage Candy,心灵糖果,道具,道具名称_英-中
Courage Candy L,心灵糖果L,道具,道具名称_英-中
Courage Candy XL,心灵糖果XL,道具,道具名称_英-中
Court Change,换场,技能,技能名称_英-中
Cover Fossil,背盖化石,道具,道具名称_英-中
Covert Cloak,密探斗篷,道具,道具名称_英-中
Covet,渴望,技能,技能名称_英-中
Crabhammer,蟹钳锤,技能,技能名称_英-中
Crabominable,好胜毛蟹,精灵,精灵名称_英-中
Crabrawler,好胜蟹,精灵,精灵名称_英-中
Cracked Pot,破裂的茶壶,道具,道具名称_英-中
Cradily,摇篮百合,精灵,精灵名称_英-中
Crafting Kit,工艺套组,道具,道具名称_英-中
Crafty Shield,戏法防守,技能,技能名称_英-中
Craggy Coast,沿岸岩地,地名,FixedTranslations
Craig,克雷,地名,FixedTranslations
Cramorant,古月鸟,精灵,精灵名称_英-中
Cranidos,头盖龙,精灵,精灵名称_英-中
Crawdaunt,铁螯龙虾,精灵,精灵名称_英-中
Cream Cheese,黄油芝士,道具,道具名称_英-中
Cresselia,克雷色利亚,精灵,精灵名称_英-中
Croagunk,不良蛙,精灵,精灵名称_英-中
Crobat,叉字蝠,精灵,精灵名称_英-中
Crocalor,炙烫鳄,精灵,精灵名称_英-中
Croconaw,蓝鳄,精灵,精灵名称_英-中
Cross Chop,十字劈,技能,技能名称_英-中
Cross Poison,十字毒刃,技能,技能名称_英-中
Crown Pass,王冠车票,道具,道具名称_英-中
Crunch,咬碎,技能,技能名称_英-中
Crunchy Salt,坚坚矿,道具,道具名称_英-中
Crush Claw,撕裂爪,技能,技能名称_英-中
Crush Grip,捏碎,技能,技能名称_英-中
Crustle,岩殿居蟹,精灵,精灵名称_英-中
Cryogonal,几何雪花,精灵,精灵名称_英-中
Cubchoo,喷嚏熊,精灵,精灵名称_英-中
Cubone,卡拉卡拉,精灵,精灵名称_英-中
Cucumber,小黄瓜片,道具,道具名称_英-中
Cud Chew,反刍,特性,特性名称_英-中
Cufant,铜象,精灵,精灵名称_英-中
Curious Medicine,怪药,特性,特性名称_英-中
Curry Powder,咖喱粉,道具,道具名称_英-中
Curse,诅咒,技能,技能名称_英-中
Cursed Body,诅咒之躯,特性,特性名称_英-中
Cursola,魔灵珊瑚,精灵,精灵名称_英-中
Custap Berry,释陀果,道具,道具名称_英-中
Cut,居合斩,技能,技能名称_英-中
Cute Charm,迷人之躯,特性,特性名称_英-中
Cutiefly,萌虻,精灵,精灵名称_英-中
Cyan Shard,青色碎片,地名,FixedTranslations
Cyber Ball,电竞球,道具,道具名称_英-中
Cyclizar,摩托蜥,精灵,精灵名称_英-中
Cyndaquil,火球鼠,精灵,精灵名称_英-中
DEF,防御,地名,FixedTranslations
DEFAULT,默认,菜单,PokemonCommonTranslation
DEFENCE,防御,地名,FixedTranslations
DEFENSE,防御,固定翻译,PokemonCommonTranslation
DESERT RUINS,沙漠遗迹,地名,FixedTranslations
DEWFORD TOWN,武斗镇,地名,FixedTranslations
DEXNAV,导航,菜单,PokemonCommonTranslation
DIGLETT'S CAVE,地鼠洞,地名,FixedTranslations
DILFORD CHAMBER,阿利波卡石室,地名,FixedTranslations
DNA Splicers,基因之楔,道具,道具名称_英-中
DOTTED HOLE,点之穴,地名,FixedTranslations
DS Sounds,DS播放器,道具,道具名称_英-中
Dachsbun,麻花犬,精灵,精灵名称_英-中
Damp,湿气,特性,特性名称_英-中
Damp Mulch,湿湿肥,道具,道具名称_英-中
Damp Rock,潮湿岩石,道具,道具名称_英-中
Dana,昼珠,地名,FixedTranslations
Dancer,舞者,特性,特性名称_英-中
Dark,恶,地名,FixedTranslations
Dark Aura,暗黑气场,特性,特性名称_英-中
Dark Gem,恶之宝石,道具,道具名称_英-中
Dark Memory,黑暗存储碟,道具,道具名称_英-中
Dark Pulse,恶之波动,技能,技能名称_英-中
Dark Shard,暗黑碎片,地名,FixedTranslations
Dark Stone,黑暗石,道具,道具名称_英-中
Dark Tera Shard,恶太晶碎块,道具,道具名称_英-中
Dark Void,暗黑洞,技能,技能名称_英-中
Darkest Lariat,DD金勾臂,技能,技能名称_英-中
Darkinium Z,恶Z,道具,道具名称_英-中
Darkrai,达克莱伊,精灵,精灵名称_英-中
Darmanitan,达摩狒狒,精灵,精灵名称_英-中
Dartrix,投羽枭,精灵,精灵名称_英-中
Darumaka,火红不倒翁,精灵,精灵名称_英-中
Data Card,数据卡,道具,道具名称_英-中
Dauntless Shield,不屈之盾,特性,特性名称_英-中
Dawn,小光,地名,FixedTranslations
Dawn Stone,觉醒之石,道具,道具名称_英-中
Dazzling,鲜艳之躯,特性,特性名称_英-中
Dazzling Gleam,魔法闪耀,技能,技能名称_英-中
Dazzling Honey,晶晶蜜,道具,道具名称_英-中
Decidium Z,狙射树枭Z,道具,道具名称_英-中
Decidueye,狙射树枭,精灵,精灵名称_英-中
Decorate,装饰,技能,技能名称_英-中
Dedenne,咚咚鼠,精灵,精灵名称_英-中
Deep Sea Scale,深海鳞片,道具,道具名称_英-中
Deep Sea Tooth,深海之牙,道具,道具名称_英-中
DeepSeaScale,深海鳞片,道具,道具名称_英-中
DeepSeaTooth,深海之牙,道具,道具名称_英-中
Deepsea Kelp,深海海带,地名,FixedTranslations
Deerling,四季鹿,精灵,精灵名称_英-中
Defeatist,软弱,特性,特性名称_英-中
Defend Order,防御指令,技能,技能名称_英-中
Defense Curl,变圆,技能,技能名称_英-中
Defiant,不服输,特性,特性名称_英-中
Defog,清除浓雾,技能,技能名称_英-中
Deino,单首龙,精灵,精灵名称_英-中
Delcatty,优雅猫,精灵,精灵名称_英-中
Delibird,信使鸟,精灵,精灵名称_英-中
Delphox,妖火红狐,精灵,精灵名称_英-中
Delta Stream,德尔塔气流,特性,特性名称_英-中
Deoxys,代欧奇希斯,精灵,精灵名称_英-中
Desert Tomb,沙漠坟墓,地名,FixedTranslations
Desert Tomb Core,沙漠坟墓核心,地名,FixedTranslations
Desolate Land,终结之地,特性,特性名称_英-中
Destiny Bond,同命,技能,技能名称_英-中
Destiny Knot,红线,道具,道具名称_英-中
Detect,看穿,技能,技能名称_英-中
Devastating Drake,究极巨龙震天地,技能,技能名称_英-中
Devon Goods,得文的物品,道具,道具名称_英-中
Devon Scope,得文侦测镜,道具,道具名称_英-中
Devon Scuba Gear,得文潜水装备,道具,道具名称_英-中
Dewgong,白海狮,精灵,精灵名称_英-中
Dewott,双刃丸,精灵,精灵名称_英-中
Dewpider,滴蛛,精灵,精灵名称_英-中
Dhelmise,破破舵轮,精灵,精灵名称_英-中
Dialga,帝牙卢卡,精灵,精灵名称_英-中
Diamond Bottle,菱纹水壶,道具,道具名称_英-中
Diamond Pattern Cup,菱纹水杯,道具,道具名称_英-中
Diamond Storm,钻石风暴,技能,技能名称_英-中
Diamond Tablecloth,菱纹桌巾,道具,道具名称_英-中
Diancie,蒂安希,精灵,精灵名称_英-中
Diancite,蒂安希进化石,道具,道具名称_英-中
Dig,挖洞,技能,技能名称_英-中
Digger Drill,挖洞钻,道具,道具名称_英-中
Diggersby,掘地兔,精灵,精灵名称_英-中
Diglett,地鼠,精灵,精灵名称_英-中
Dire Claw,克命爪,技能,技能名称_英-中
Dire Hit,要害攻击,道具,道具名称_英-中
Direshroom,要害松露,道具,道具名称_英-中
Disable,定身法,技能,技能名称_英-中
Disarming Voice,魅惑之声,技能,技能名称_英-中
Discharge,放电,技能,技能名称_英-中
Discount Coupon,折价券,道具,道具名称_英-中
Discovery Slate,引导石板,道具,道具名称_英-中
Disguise,画皮,特性,特性名称_英-中
Dismiss,解散,地名,FixedTranslations
Distortion Slate,毁坏石板,道具,道具名称_英-中
Ditto,百变怪,精灵,精灵名称_英-中
Dive,潜水,技能,技能名称_英-中
Dive Ball,潜水球,道具,道具名称_英-中
Dizzy Punch,迷昏拳,技能,技能名称_英-中
Docile,坦率,地名,FixedTranslations
Dodrio,嘟嘟利,精灵,精灵名称_英-中
Doduo,嘟嘟,精灵,精灵名称_英-中
Dolliv,奥利纽,精灵,精灵名称_英-中
Dome Fossil,甲壳化石,道具,道具名称_英-中
Dondozo,吃吼霸,精灵,精灵名称_英-中
Donphan,顿甲,精灵,精灵名称_英-中
Doodle,描绘,技能,技能名称_英-中
Doom Desire,破灭之愿,技能,技能名称_英-中
Doppel Bonnets,影分菇,道具,道具名称_英-中
Dottler,天罩虫,精灵,精灵名称_英-中
Doublade,双剑鞘,精灵,精灵名称_英-中
Double Hit,二连击,技能,技能名称_英-中
Double Iron Bash,钢拳双击,技能,技能名称_英-中
Double Kick,二连踢,技能,技能名称_英-中
Double Shock,电光双击,技能,技能名称_英-中
Double Slap,连环巴掌,技能,技能名称_英-中
Double Team,影子分身,技能,技能名称_英-中
Double-Edge,舍身冲撞,技能,技能名称_英-中
DoubleSlap,连环巴掌,技能,技能名称_英-中
Douse Drive,水流卡带,道具,道具名称_英-中
Download,下载,特性,特性名称_英-中
Dowsing Machine,探宝器,道具,道具名称_英-中
Draco Meteor,流星群,技能,技能名称_英-中
Draco Plate,龙之石板,道具,道具名称_英-中
Dracovish,鳃鱼龙,精灵,精灵名称_英-中
Dracozolt,雷鸟龙,精灵,精灵名称_英-中
Dragalge,毒藻龙,精灵,精灵名称_英-中
Dragapult,多龙巴鲁托,精灵,精灵名称_英-中
Dragon,龙,地名,FixedTranslations
Dragon Ascent,画龙点睛,技能,技能名称_英-中
Dragon Breath,龙息,技能,技能名称_英-中
Dragon Claw,龙爪,技能,技能名称_英-中
Dragon Dance,龙之舞,技能,技能名称_英-中
Dragon Darts,龙箭,技能,技能名称_英-中
Dragon Energy,巨龙威能,技能,技能名称_英-中
Dragon Fang,龙之牙,道具,道具名称_英-中
Dragon Gem,龙之宝石,道具,道具名称_英-中
Dragon Hammer,龙锤,技能,技能名称_英-中
Dragon Memory,龙存储碟,道具,道具名称_英-中
Dragon Pulse,龙之波动,技能,技能名称_英-中
Dragon Rage,龙之怒,技能,技能名称_英-中
Dragon Rush,龙之俯冲,技能,技能名称_英-中
Dragon Scale,龙之鳞片,道具,道具名称_英-中
Dragon Skull,龙之骨,道具,道具名称_英-中
Dragon Tail,龙尾,技能,技能名称_英-中
Dragon Tera Shard,龙太晶碎块,道具,道具名称_英-中
Dragon's Maw,龙颚,特性,PokemonCommonTranslation
DragonBreath,龙息,技能,技能名称_英-中
Dragonair,哈克龙,精灵,精灵名称_英-中
Dragonite,快龙,精灵,精灵名称_英-中
Dragonium Z,龙Z,道具,道具名称_英-中
Dragon’s Maw,龙颚,特性,特性名称_英-中
Drain Punch,吸取拳,技能,技能名称_英-中
Draining Kiss,吸取之吻,技能,技能名称_英-中
Drake,源治,地名,FixedTranslations
Drakloak,多龙奇,精灵,精灵名称_英-中
Drampa,老翁龙,精灵,精灵名称_英-中
Drapion,龙王蝎,精灵,精灵名称_英-中
Drash Berry,无青果,道具,道具名称_英-中
Dratini,迷你龙,精灵,精灵名称_英-中
Dread Plate,恶颜石板,道具,道具名称_英-中
Dream Ball,梦境球,道具,道具名称_英-中
Dream Eater,食梦,技能,技能名称_英-中
Dream Mail,梦境邮件,道具,道具名称_英-中
Drednaw,暴噬龟,精灵,精灵名称_英-中
Dreepy,多龙梅西亚,精灵,精灵名称_英-中
Drifblim,随风球,精灵,精灵名称_英-中
Drifloon,飘飘球,精灵,精灵名称_英-中
Drilbur,螺钉地鼠,精灵,精灵名称_英-中
Drill Peck,啄钻,技能,技能名称_英-中
Drill Run,直冲钻,技能,技能名称_英-中
Drizzile,变涩蜥,精灵,精灵名称_英-中
Drizzle,降雨,特性,特性名称_英-中
Dropped Item,遗忘物,道具,道具名称_英-中
Drought,日照,特性,特性名称_英-中
Drowzee,催眠貘,精灵,精灵名称_英-中
Druddigon,赤面龙,精灵,精灵名称_英-中
Drum Beating,鼓击,技能,技能名称_英-中
Dry Ice,干冰,地名,FixedTranslations
Dry Skin,干燥皮肤,特性,特性名称_英-中
Dual Chop,二连劈,技能,技能名称_英-中
Dual Wingbeat,双翼,技能,技能名称_英-中
Dubious Disc,可疑补丁,道具,道具名称_英-中
Dubwool,毛毛角羊,精灵,精灵名称_英-中
Ducklett,鸭宝宝,精灵,精灵名称_英-中
Dudunsparce,土龙节节,精灵,精灵名称_英-中
Dugtrio,三地鼠,精灵,精灵名称_英-中
Dunsparce,土龙弟弟,精灵,精灵名称_英-中
Duosion,双卵细胞球,精灵,精灵名称_英-中
Duraludon,铝钢龙,精灵,精灵名称_英-中
Durant,铁蚁,精灵,精灵名称_英-中
Durin Berry,金枕果,道具,道具名称_英-中
Dusclops,彷徨夜灵,精灵,精灵名称_英-中
Dusk Ball,黑暗球,道具,道具名称_英-中
Dusk Stone,暗之石,道具,道具名称_英-中
Dusknoir,黑夜魔灵,精灵,精灵名称_英-中
Duskull,夜巡灵,精灵,精灵名称_英-中
Dustox,毒粉蛾,精灵,精灵名称_英-中
Dwebble,石居蟹,精灵,精灵名称_英-中
DynamaX Band,极巨腕带,道具,道具名称_英-中
DynamaX Candy,极巨糖果,道具,道具名称_英-中
DynamaX Crystal,极巨结晶,道具,道具名称_英-中
Dynamax Cannon,极巨炮,技能,技能名称_英-中
Dynamic Punch,爆裂拳,技能,技能名称_英-中
DynamicPunch,爆裂拳,技能,技能名称_英-中
Dynite Ore,极矿石,道具,道具名称_英-中
EASIEST,超简单,菜单,PokemonCommonTranslation
EASY,简单,菜单,PokemonCommonTranslation
EGGS,蛋,菜单,PokemonCommonTranslation
EMBER SPA,灯火温泉,地名,FixedTranslations
EVER GRANDE CITY,彩悠市,地名,FixedTranslations
EXP Drive,经验装置,地名,FixedTranslations
EXercise Ball,瑜珈球,道具,道具名称_英-中
EXp. Candy L,经验糖果L,道具,道具名称_英-中
EXp. Candy M,经验糖果M,道具,道具名称_英-中
EXp. Candy S,经验糖果S,道具,道具名称_英-中
EXp. Candy XL,经验糖果XL,道具,道具名称_英-中
EXp. Candy XS,经验糖果XS,道具,道具名称_英-中
EXp. Charm,经验护符,道具,道具名称_英-中
EXp. Share,学习装置,道具,道具名称_英-中
EXpert Belt,达人带,道具,道具名称_英-中
EXplorer Kit,探险套装,道具,道具名称_英-中
Early Bird,早起,特性,特性名称_英-中
Earth Eater,食土,特性,特性名称_英-中
Earth Plate,大地石板,道具,道具名称_英-中
Earth Power,大地之力,技能,技能名称_英-中
EarthBadge,绿色徽章,道具,道具名称_英-中
Earthquake,地震,技能,技能名称_英-中
Echoed Voice,回声,技能,技能名称_英-中
Eelektrik,麻麻鳗,精灵,精灵名称_英-中
Eelektross,麻麻鳗鱼王,精灵,精灵名称_英-中
Eerie Impulse,怪异电波,技能,技能名称_英-中
Eerie Spell,诡异咒语,技能,技能名称_英-中
Eevee,伊布,精灵,精灵名称_英-中
Eevee Cup,伊布水杯,道具,道具名称_英-中
Eevium Z,伊布Z,道具,道具名称_英-中
Effect Spore,孢子,特性,特性名称_英-中
Egg,水煮蛋片,道具,道具名称_英-中
Egg Bomb,炸蛋,技能,技能名称_英-中
Egg Ticket,宝可梦的蛋兑换券,道具,道具名称_英-中
Eggant Berry,子茄果,道具,道具名称_英-中
Eiscue,冰砌鹅,精灵,精灵名称_英-中
Eject Button,逃脱按键,道具,道具名称_英-中
Eject Pack,避难背包,道具,道具名称_英-中
Ekans,阿柏蛇,精灵,精灵名称_英-中
Eldegoss,白蓬蓬,精灵,精灵名称_英-中
Electabuzz,电击兽,精灵,精灵名称_英-中
Electirizer,电力增幅器,道具,道具名称_英-中
Electivire,电击魔兽,精灵,精灵名称_英-中
Electric,电,地名,FixedTranslations
Electric Gem,电之宝石,道具,道具名称_英-中
Electric Memory,电子存储碟,道具,道具名称_英-中
Electric Seed,电气种子,道具,道具名称_英-中
Electric Surge,电气制造者,特性,特性名称_英-中
Electric Tera Shard,电太晶碎块,道具,道具名称_英-中
Electric Terrain,电气场地,技能,技能名称_英-中
Electrify,输电,技能,技能名称_英-中
Electrike,落雷兽,精灵,精灵名称_英-中
Electrium Z,电Z,道具,道具名称_英-中
Electro Ball,电球,技能,技能名称_英-中
Electro Drift,闪电猛冲,技能,技能名称_英-中
Electrode,顽皮雷弹,精灵,精灵名称_英-中
Electromorphosis,电力转换,特性,特性名称_英-中
Electroweb,电网,技能,技能名称_英-中
Elekid,电击怪,精灵,精灵名称_英-中
Elgyem,小灰怪,精灵,精灵名称_英-中
Eli,伊莱,地名,FixedTranslations
EliXir,PP多项小补剂,道具,道具名称_英-中
Embargo,查封,技能,技能名称_英-中
Ember,火花,技能,技能名称_英-中
Emboar,炎武王,精灵,精灵名称_英-中
Emergency Exit,危险回避,特性,特性名称_英-中
Emily,艾米,地名,FixedTranslations
Emmett,艾米特,地名,FixedTranslations
Emolga,电飞鼠,精灵,精灵名称_英-中
Empoleon,帝王拿波,精灵,精灵名称_英-中
Enamorus,眷恋云,精灵,精灵名称_英-中
Encore,再来一次,技能,技能名称_英-中
Endeavor,蛮干,技能,技能名称_英-中
Endorsement,推荐函,道具,道具名称_英-中
Endure,挺住,技能,技能名称_英-中
Energy Ball,能量球,技能,技能名称_英-中
Energy Powder,元气粉,道具,道具名称_英-中
Energy Root,元气根,道具,道具名称_英-中
EnergyPowder,元气粉,道具,道具名称_英-中
Enigma Berry,谜芝果,道具,道具名称_英-中
Enigma Stone,谜之水晶,道具,道具名称_英-中
Enigmatic Card,奇异卡片,道具,道具名称_英-中
Entei,炎帝,精灵,精灵名称_英-中
Entrainment,找伙伴,技能,技能名称_英-中
Eon Flute,无限之笛,道具,道具名称_英-中
Eon Mail,伊布邮件,道具,道具名称_英-中
Eon Ticket,无限船票,道具,道具名称_英-中
Eruption,喷火,技能,技能名称_英-中
Escape Rope,离洞绳,道具,道具名称_英-中
Escavalier,骑士蜗牛,精灵,精灵名称_英-中
Espathra,超能艳鸵,精灵,精灵名称_英-中
Espeon,太阳伊布,精灵,精灵名称_英-中
Esper Wing,气场之翼,技能,技能名称_英-中
Espurr,妙喵,精灵,精灵名称_英-中
Eternabeam,无极光束,技能,技能名称_英-中
Eternal Ice,永恒之冰,道具,道具名称_英-中
Eternatus,无极汰那,精灵,精灵名称_英-中
Ethan,伊森,地名,FixedTranslations
Ether,PP单项小补剂,道具,道具名称_英-中
Evelyn,夕丝,地名,FixedTranslations
Everstone,不变之石,道具,道具名称_英-中
Eviolite,进化奇石,道具,道具名称_英-中
Excadrill,龙头地鼠,精灵,精灵名称_英-中
Exeggcute,蛋蛋,精灵,精灵名称_英-中
Exeggutor,椰蛋树,精灵,精灵名称_英-中
Expanding Force,广域战力,技能,技能名称_英-中
Explosion,大爆炸,技能,技能名称_英-中
Exploud,爆音怪,精灵,精灵名称_英-中
Extrasensory,神通力,技能,技能名称_英-中
Extreme Evoboost,九彩昇华齐聚顶,技能,技能名称_英-中
Extreme Speed,神速,技能,技能名称_英-中
ExtremeSpeed,神速,技能,技能名称_英-中
FALLARBOR MINE,秋叶矿场,地名,FixedTranslations
FALLARBOR TOWN,秋叶镇,地名,FixedTranslations
FATEFUL ENCOUNTER,命运的邂逅,地名,FixedTranslations
FERRY,渡船,地名,FixedTranslations
FIERY PATH,烈焰小径,地名,FixedTranslations
FIVE ISLAND,5岛,地名,FixedTranslations
FIVE ISLE MEADOW,5岛内陆,地名,FixedTranslations
FOLLOWER,随从,菜单,PokemonCommonTranslation
FORTREE CITY,茵郁市,地名,FixedTranslations
FOUR ISLAND,4岛,地名,FixedTranslations
FUCHSIA CITY,浅红市,地名,FixedTranslations
Fab Mail,奇迹邮件,道具,道具名称_英-中
Facade,硬撑,技能,技能名称_英-中
Faint Attack,虚晃一招,技能,技能名称_英-中
Fairium Z,妖精Z,道具,道具名称_英-中
Fairy,妖精,地名,FixedTranslations
Fairy Aura,妖精气场,特性,特性名称_英-中
Fairy Gem,妖精宝石,道具,道具名称_英-中
Fairy Lock,妖精之锁,技能,技能名称_英-中
Fairy Memory,妖精存储碟,道具,道具名称_英-中
Fairy Tera Shard,妖精太晶碎块,道具,道具名称_英-中
Fairy Wind,妖精之风,技能,技能名称_英-中
Fake Out,击掌奇袭,技能,技能名称_英-中
Fake Tears,假哭,技能,技能名称_英-中
Falinks,列阵兵,精灵,精灵名称_英-中
Fallarbor Gem Ore Refiner,秋叶宝石提炼室,地名,FixedTranslations
Fallarbor Shard Ore Refiner,秋叶碎石提炼室,地名,FixedTranslations
False Surrender,假跪真撞,技能,技能名称_英-中
False Swipe,点到为止,技能,技能名称_英-中
Fame Checker,声音记录器,道具,道具名称_英-中
Fancy Apples,特选苹果,道具,道具名称_英-中
Faraway Island,边境的小岛,地名,FixedTranslations
Farfetch'd,大葱鸭,精灵名,PokemonCommonTranslation
Farfetch’d,大葱鸭,精灵,精灵名称_英-中
Farigiraf,奇麒麟,精灵,精灵名称_英-中
Fashion Case,饰品盒,道具,道具名称_英-中
Fast Ball,速度球,道具,道具名称_英-中
Favored Mail,喜爱邮件,道具,道具名称_英-中
Fearow,大嘴雀,精灵,精灵名称_英-中
Feather Ball,飞羽球,道具,道具名称_英-中
Feather Dance,羽毛舞,技能,技能名称_英-中
FeatherDance,羽毛舞,技能,技能名称_英-中
Feebas,丑丑鱼,精灵,精灵名称_英-中
Feint,佯攻,技能,技能名称_英-中
Feint Attack,出奇一击,技能,技能名称_英-中
Fell Stinger,致命针刺,技能,技能名称_英-中
Fennekin,火狐狸,精灵,精灵名称_英-中
Feraligatr,大力鳄,精灵,精灵名称_英-中
Ferroseed,种子铁球,精灵,精灵名称_英-中
Ferrothorn,坚果哑铃,精灵,精灵名称_英-中
Fertilizer,肥料,地名,FixedTranslations
Festival Ticket,圆庆票,道具,道具名称_英-中
Fezandpiti,吉雉鸡,精灵名,PokemonCommonTranslation
Fidough,狗仔包,精灵,精灵名称_英-中
Fiery Dance,火之舞,技能,技能名称_英-中
Fiery Wrath,怒火中烧,技能,技能名称_英-中
Fighting,格斗,地名,FixedTranslations
Fighting Gem,格斗宝石,道具,道具名称_英-中
Fighting Memory,战斗存储碟,道具,道具名称_英-中
Fighting Tera Shard,格斗太晶碎块,道具,道具名称_英-中
Fightinium Z,格斗Z,道具,道具名称_英-中
Figy Berry,勿花果,道具,道具名称_英-中
Fillet Away,甩肉,技能,技能名称_英-中
Filter,过滤,特性,特性名称_英-中
Final Gambit,搏命,技能,技能名称_英-中
Fine Remedy,好中药,道具,道具名称_英-中
Finizen,波普海豚,精灵,精灵名称_英-中
Finneon,荧光鱼,精灵,精灵名称_英-中
Fire,火,地名,FixedTranslations
Fire Blast,大字爆炎,技能,技能名称_英-中
Fire Fang,火焰牙,技能,技能名称_英-中
Fire Gem,火之宝石,道具,道具名称_英-中
Fire Lash,火焰鞭,技能,技能名称_英-中
Fire Memory,火焰存储碟,道具,道具名称_英-中
Fire Pattern Cup,火焰水杯,道具,道具名称_英-中
Fire Pledge,火之誓约,技能,技能名称_英-中
Fire Punch,火焰拳,技能,技能名称_英-中
Fire Spin,火焰旋涡,技能,技能名称_英-中
Fire Stone,火之石,道具,道具名称_英-中
Fire Tera Shard,火太晶碎块,道具,道具名称_英-中
Firium Z,火Z,道具,道具名称_英-中
First Impression,迎头一击,技能,技能名称_英-中
Fishing Rod,钓竿,道具,道具名称_英-中
Fishious Rend,鳃咬,技能,技能名称_英-中
Fissure,地裂,技能,技能名称_英-中
Fist Plate,拳头石板,道具,道具名称_英-中
Flaaffy,茸茸羊,精灵,精灵名称_英-中
Flabébé,花蓓蓓,精灵,精灵名称_英-中
Flail,抓狂,技能,技能名称_英-中
Flame Body,火焰之躯,特性,特性名称_英-中
Flame Burst,烈焰溅射,技能,技能名称_英-中
Flame Charge,蓄能焰袭,技能,技能名称_英-中
Flame Mail,火焰邮件,道具,道具名称_英-中
Flame Orb,火焰宝珠,道具,道具名称_英-中
Flame Plate,火球石板,道具,道具名称_英-中
Flame Wheel,火焰轮,技能,技能名称_英-中
Flamethrower,喷射火焰,技能,技能名称_英-中
Flamigo,缠红鹤,精灵,精灵名称_英-中
Flannery,亚莎,地名,FixedTranslations
Flapple,苹裹龙,精灵,精灵名称_英-中
Flare Blitz,闪焰冲锋,技能,技能名称_英-中
Flare Boost,受热激升,特性,特性名称_英-中
Flareon,火伊布,精灵,精灵名称_英-中
Flash,闪光,技能,技能名称_英-中
Flash Cannon,加农光炮,技能,技能名称_英-中
Flash Fire,引火,特性,特性名称_英-中
Flatter,吹捧,技能,技能名称_英-中
Fletchinder,火箭雀,精灵,精灵名称_英-中
Fletchling,小箭雀,精灵,精灵名称_英-中
Fleur Cannon,花朵加农炮,技能,技能名称_英-中
Fling,投掷,技能,技能名称_英-中
Flip Turn,快速折返,技能,技能名称_英-中
Flittle,飘飘雏,精灵,精灵名称_英-中
Float Stone,轻石,道具,道具名称_英-中
Floaty Fall,飘飘坠落,技能,技能名称_英-中
Floatzel,浮潜鼬,精灵,精灵名称_英-中
Floette,花叶蒂,精灵,精灵名称_英-中
Floragato,蒂蕾喵,精灵,精灵名称_英-中
Floral Healing,花疗,技能,技能名称_英-中
Florges,花洁夫人,精灵,精灵名称_英-中
Flower Gift,花之礼,特性,特性名称_英-中
Flower Mail,花案邮件,道具,道具名称_英-中
Flower Pattern Cup,花朵水杯,道具,道具名称_英-中
Flower Shield,鲜花防守,技能,技能名称_英-中
Flower Sweet,花朵糖饰,道具,道具名称_英-中
Flower Trick,千变万花,技能,技能名称_英-中
Flower Veil,花幕,特性,特性名称_英-中
Fluffy,毛茸茸,特性,特性名称_英-中
Fluffy Tail,向尾喵的尾巴,道具,道具名称_英-中
Flutter Mane,振翼发,精灵,精灵名称_英-中
FlutterMane,振翼发,精灵名,PokemonCommonTranslation
Fly,飞翔,技能,技能名称_英-中
Flygon,沙漠蜻蜓,精灵,精灵名称_英-中
Flying,飞行,地名,FixedTranslations
Flying Gem,飞行宝石,道具,道具名称_英-中
Flying Memory,飞翔存储碟,道具,道具名称_英-中
Flying Press,飞身重压,技能,技能名称_英-中
Flying Tera Shard,飞行太晶碎块,道具,道具名称_英-中
Flyinium Z,飞行Z,道具,道具名称_英-中
Focus Band,气势头带,道具,道具名称_英-中
Focus Blast,真气弹,技能,技能名称_英-中
Focus Energy,聚气,技能,技能名称_英-中
Focus Powder,真气粉,地名,FixedTranslations
Focus Punch,真气拳,技能,技能名称_英-中
Focus Sash,气势披带,道具,道具名称_英-中
Follow Me,看我嘛,技能,技能名称_英-中
Fomantis,伪螳草,精灵,精灵名称_英-中
Foongus,哎呀球菇,精灵,精灵名称_英-中
Forage Bag,材料袋,道具,道具名称_英-中
Force Palm,发劲,技能,技能名称_英-中
Forecast,阴晴不定,特性,特性名称_英-中
Forecaster,预报员,地名,FixedTranslations
Foresight,识破,技能,技能名称_英-中
Forest Balm,森之镇宝,道具,道具名称_英-中
Forest's Curse,森林诅咒,技能,PokemonCommonTranslation
Forest’s Curse,森林诅咒,技能,技能名称_英-中
Forewarn,预知梦,特性,特性名称_英-中
Forgotten Grove,被遗忘的树林,地名,PokemonCommonTranslation
Forgotten?Grove,被遗忘的树林,地名,FixedTranslations
Forretress,佛烈托斯,精灵,精灵名称_英-中
Fossilized Bird,化石鸟,道具,道具名称_英-中
Fossilized Dino,化石海兽,道具,道具名称_英-中
Fossilized Drake,化石龙,道具,道具名称_英-中
Fossilized Fish,化石鱼,道具,道具名称_英-中
Foul Play,欺诈,技能,技能名称_英-中
Frass,草,地名,FixedTranslations
Fraxure,斧牙龙,精灵,精灵名称_英-中
Fred,弗雷,地名,FixedTranslations
Freeze Shock,冰冻伏特,技能,技能名称_英-中
Freeze-Dry,冷冻干燥,技能,技能名称_英-中
Freezing Glare,冰冷视线,技能,技能名称_英-中
Freezy Frost,冰冰霜冻,技能,技能名称_英-中
Frenzy Fang,狂暴牙,地名,FixedTranslations
Frenzy Plant,疯狂植物,技能,技能名称_英-中
Fresh Cream,鲜鲜奶油,道具,道具名称_英-中
Fresh Water,美味之水,道具,道具名称_英-中
Fried Fillet,炸鱼片,道具,道具名称_英-中
Fried Foods,炸物拼盘,道具,道具名称_英-中
Friend Ball,友友球,道具,道具名称_英-中
Friend Guard,友情防守,特性,特性名称_英-中
Frigibax,凉脊龙,精灵,精灵名称_英-中
Frillish,轻飘飘,精灵,精灵名称_英-中
Frisk,察觉,特性,特性名称_英-中
Froakie,呱呱泡蛙,精灵,精灵名称_英-中
Frogadier,呱头蛙,精灵,精灵名称_英-中
Frontier Bank,开拓银行,地名,FixedTranslations
Froslass,雪妖女,精灵,精灵名称_英-中
Frosmoth,雪绒蛾,精灵,精灵名称_英-中
Frost Breath,冰息,技能,技能名称_英-中
Frost Mint,寒冰薄荷,地名,FixedTranslations
Frostbite Field,伤冻之地,地名,FixedTranslations
Frosty Forest,树冰森林,地名,FixedTranslations
Frosty Grotto,树冰石窟,地名,FixedTranslations
Fruit Bunches,袋装果实,道具,道具名称_英-中
Frustration,迁怒,技能,技能名称_英-中
Fuecoco,呆火鳄,精灵,精灵名称_英-中
Full Heal,万灵药,道具,道具名称_英-中
Full Incense,饱腹薰香,道具,道具名称_英-中
Full Metal Body,金属防护,特性,特性名称_英-中
Full Restore,全复药,道具,道具名称_英-中
Fur Coat,毛皮大衣,特性,特性名称_英-中
Furfrou,多丽米亚,精灵,精灵名称_英-中
Furret,大尾立,精灵,精灵名称_英-中
Fury Attack,乱击,技能,技能名称_英-中
Fury Cutter,连斩,技能,技能名称_英-中
Fury Swipes,乱抓,技能,技能名称_英-中
Fusion Bolt,交错闪电,技能,技能名称_英-中
Fusion Flare,交错火焰,技能,技能名称_英-中
Future Sight,预知未来,技能,技能名称_英-中
G-Max Befuddle,超极巨蝶影蛊惑,技能,技能名称_英-中
G-Max Cannonade,超极巨水炮轰灭‎‎,技能,技能名称_英-中
G-Max Centiferno,超极巨百火焚野,技能,技能名称_英-中
G-Max Chi Strike,超极巨会心一击,技能,技能名称_英-中
G-Max Cuddle,超极巨热情拥抱,技能,技能名称_英-中
G-Max Depletion,超极巨劣化衰变,技能,技能名称_英-中
G-Max Drum Solo,超极巨狂擂乱打,技能,技能名称_英-中
G-Max Finale,超极巨幸福圆满,技能,技能名称_英-中
G-Max Fireball,超极巨破阵火球,技能,技能名称_英-中
G-Max Foam Burst,超极巨激漩泡涡,技能,技能名称_英-中
G-Max Gold Rush,超极巨特大金币,技能,技能名称_英-中
G-Max Gravitas,超极巨天道七星,技能,技能名称_英-中
G-Max Hydrosnipe,超极巨狙击神射,技能,技能名称_英-中
G-Max Malodor,超极巨臭气冲天,技能,技能名称_英-中
G-Max Meltdown,超极巨液金熔击,技能,技能名称_英-中
G-Max One Blow,超极巨夺命一击‎‎,技能,技能名称_英-中
G-Max Rapid Flow,超极巨流水连击‎‎,技能,技能名称_英-中
G-Max Replenish,超极巨资源再生,技能,技能名称_英-中
G-Max Resonance,超极巨极光旋律,技能,技能名称_英-中
G-Max Sandblast,超极巨沙尘漫天,技能,技能名称_英-中
G-Max Smite,超极巨天谴雷诛,技能,技能名称_英-中
G-Max Snooze,超极巨睡魔降临,技能,技能名称_英-中
G-Max Steelsurge,超极巨钢铁阵法,技能,技能名称_英-中
G-Max Stonesurge,超极巨岩阵以待,技能,技能名称_英-中
G-Max Stun Shock,超极巨异毒电场,技能,技能名称_英-中
G-Max Sweetness,超极巨琼浆玉液,技能,技能名称_英-中
G-Max Tartness,超极巨酸不溜丢,技能,技能名称_英-中
G-Max Terror,超极巨幻影幽魂,技能,技能名称_英-中
G-Max Vine Lash,超极巨灰飞鞭灭‎‎,技能,技能名称_英-中
G-Max Volcalith,超极巨炎石喷发,技能,技能名称_英-中
G-Max Volt Crash,超极巨万雷轰顶,技能,技能名称_英-中
G-Max Wildfire,超极巨地狱灭焰,技能,技能名称_英-中
G-Max Wind Rage,超极巨旋风袭卷,技能,技能名称_英-中
GAME STATS,游戏统计,菜单,PokemonCommonTranslation
GB Sounds,GB播放器,道具,道具名称_英-中
GRANITE CAVE,石之洞窟,地名,FixedTranslations
GREEN PATH,绿之步道,地名,FixedTranslations
GS Ball,GS球,道具,道具名称_英-中
Gabby,玛莉,地名,FixedTranslations
Gabite,尖牙陆鲨,精灵,精灵名称_英-中
Galactic Key,银河队钥匙,道具,道具名称_英-中
Galarica Cuff,伽勒豆蔻手环,道具,道具名称_英-中
Galarica Twig,伽勒豆蔻枝,道具,道具名称_英-中
Galarica Wreath,伽勒豆蔻花圈,道具,道具名称_英-中
Gale Wings,疾风之翼,特性,特性名称_英-中
Gallade,艾路雷朵,精灵,精灵名称_英-中
Galladite,艾路雷朵进化石,道具,道具名称_英-中
Galvanize,电气皮肤,特性,特性名称_英-中
Galvantula,电蜘蛛,精灵,精灵名称_英-中
Ganlon Berry,龙睛果,道具,道具名称_英-中
Garbodor,灰尘山,精灵,精灵名称_英-中
Garchomp,烈咬陆鲨,精灵,精灵名称_英-中
Garchompite,烈咬陆鲨进化石,道具,道具名称_英-中
Gardevoir,沙奈朵,精灵,精灵名称_英-中
Gardevoirite,沙奈朵进化石,道具,道具名称_英-中
Garganacl,盐石巨灵,精灵,精灵名称_英-中
Gastly,鬼斯,精灵,精灵名称_英-中
Gastro Acid,胃液,技能,技能名称_英-中
Gastrodon,海兔兽,精灵,精灵名称_英-中
Gateside Village,门旁村,地名,PokemonCommonTranslation
Gateside?Village,门旁村,地名,FixedTranslations
Gear Grind,齿轮飞盘,技能,技能名称_英-中
Gear Up,辅助齿轮,技能,技能名称_英-中
Gem Powder,宝石粉,地名,FixedTranslations
Gene Imprint,基因烙印,地名,FixedTranslations
Genesect,盖诺赛克特,精灵,精灵名称_英-中
Genesis Supernova,起源超新星大爆炸,技能,技能名称_英-中
Gengar,耿鬼,精灵,精灵名称_英-中
Gengarite,耿鬼进化石,道具,道具名称_英-中
Genius Wing,智力之羽,道具,道具名称_英-中
Genome Slate,基因石板,道具,道具名称_英-中
Gentle,温顺,地名,FixedTranslations
Gentle Mint,温顺薄荷,道具,道具名称_英-中
Geodude,小拳石,精灵,精灵名称_英-中
Geology Institute,地质研究所,地名,PokemonCommonTranslation
Geology?Institute,地质研究所,地名,FixedTranslations
Geomancy,大地掌控,技能,技能名称_英-中
George,乔治,地名,FixedTranslations
Gerry,格里,地名,FixedTranslations
Gholdengo,赛富豪,精灵,精灵名称_英-中
Ghost,幽灵,地名,FixedTranslations
Ghost Gem,幽灵宝石,道具,道具名称_英-中
Ghost Memory,幽灵存储碟,道具,道具名称_英-中
Ghost Tera Shard,幽灵太晶碎块,道具,道具名称_英-中
Ghostium Z,幽灵Z,道具,道具名称_英-中
Gible,圆陆鲨,精灵,精灵名称_英-中
Giga Drain,终极吸取,技能,技能名称_英-中
Giga Impact,终极冲击,技能,技能名称_英-中
Gigalith,庞岩怪,精灵,精灵名称_英-中
GigantamiXes,超极粉,道具,道具名称_英-中
Gigaton Ball,巨重球,道具,道具名称_英-中
Gigaton Hammer,巨力锤,技能,技能名称_英-中
Gigavolt Havoc,终极伏特狂雷闪,技能,技能名称_英-中
Gimmighoul,索财灵,精灵,精灵名称_英-中
Ginema Berry,葱首果,道具,道具名称_英-中
Girafarig,麒麟奇,精灵,精灵名称_英-中
Giratina,骑拉帝纳,精灵,精灵名称_英-中
Glaceon,冰伊布,精灵,精灵名称_英-中
Glacia,波妮,地名,FixedTranslations
Glacial Lance,雪矛,技能,技能名称_英-中
Glaciate,冰封世界,技能,技能名称_英-中
Glaive Rush,巨剑突击,技能,技能名称_英-中
Glalie,冰鬼护,精灵,精灵名称_英-中
Glalitite,冰鬼护进化石,道具,道具名称_英-中
Glameow,魅力喵,精灵,精灵名称_英-中
Glare,大蛇瞪眼,技能,技能名称_英-中
Glastrier,雪暴马,精灵,精灵名称_英-中
Gligar,天蝎,精灵,精灵名称_英-中
Glimmet,晶光芽,精灵,精灵名称_英-中
Glimmora,晶光花,精灵,精灵名称_英-中
Gliscor,天蝎王,精灵,精灵名称_英-中
Glitter Mail,闪亮邮件,道具,道具名称_英-中
Glitzy Glow,哗哗气场,技能,技能名称_英-中
Gloom,臭臭花,精灵,精灵名称_英-中
Glossy Shard,光泽碎片,地名,FixedTranslations
Gluttony,贪吃鬼,特性,特性名称_英-中
Go-Goggles,Go-Go护目镜,道具,道具名称_英-中
God Stone,神石,道具,道具名称_英-中
Gogoat,坐骑山羊,精灵,精灵名称_英-中
Golbat,大嘴蝠,精灵,精灵名称_英-中
Gold Berry,黄金的果实,道具,道具名称_英-中
Gold Bottle,金钛水壶,道具,道具名称_英-中
Gold Bottle Cap,金色王冠,道具,道具名称_英-中
Gold Cup,金钛水杯,道具,道具名称_英-中
Gold Leaf,金色叶子,道具,道具名称_英-中
Gold Nugget,金块,地名,FixedTranslations
Gold Pick,金色三明治签,道具,道具名称_英-中
Gold Shard,金色碎片,地名,FixedTranslations
Gold Teeth,金假牙,道具,道具名称_英-中
Goldeen,角金鱼,精灵,精灵名称_英-中
Golden Nanab Berry,金色蕉香果,道具,道具名称_英-中
Golden Pinap Berry,金色凰梨果,道具,道具名称_英-中
Golden Razz Berry,金色蔓莓果,道具,道具名称_英-中
Golduck,哥达鸭,精灵,精灵名称_英-中
Golem,隆隆岩,精灵,精灵名称_英-中
Golett,泥偶小人,精灵,精灵名称_英-中
Golisopod,具甲武者,精灵,精灵名称_英-中
Golurk,泥偶巨人,精灵,精灵名称_英-中
Good Rod,好钓竿,道具,道具名称_英-中
Good as Gold,黄金之躯,特性,特性名称_英-中
Goodra,黏美龙,精灵,精灵名称_英-中
Gooey,黏滑,特性,特性名称_英-中
Gooey Mulch,粘粘肥,道具,道具名称_英-中
Goomy,黏黏宝,精灵,精灵名称_英-中
Gorebyss,樱花鱼,精灵,精灵名称_英-中
Gorgeous BoX,桐木箱,道具,道具名称_英-中
Gorilla Tactics,一猩一意,特性,特性名称_英-中
Gossifleur,幼棉棉,精灵,精灵名称_英-中
Gothita,哥德宝宝,精灵,精灵名称_英-中
Gothitelle,哥德小姐,精灵,精灵名称_英-中
Gothorita,哥德小童,精灵,精灵名称_英-中
Gouging Fire,破空焰,精灵名,PokemonCommonTranslation
Gourgeist,南瓜怪人,精灵,精灵名称_英-中
Gracidea,葛拉西蒂亚花,道具,道具名称_英-中
Grafaiai,涂标客,精灵,精灵名称_英-中
Grain Cake,谷诱团,道具,道具名称_英-中
Gram 1,配送物品1,道具,道具名称_英-中
Gram 2,配送物品2,道具,道具名称_英-中
Gram 3,配送物品3,道具,道具名称_英-中
Granbull,布鲁皇,精灵,精灵名称_英-中
Grapploct,八爪武师,精灵,精灵名称_英-中
Grass,草,属性,PokemonCommonTranslation
Grass Gem,草之宝石,道具,道具名称_英-中
Grass Knot,打草结,技能,技能名称_英-中
Grass Mail,青草邮件,道具,道具名称_英-中
Grass Memory,青草存储碟,道具,道具名称_英-中
Grass Pelt,草之毛皮,特性,特性名称_英-中
Grass Pledge,草之誓约,技能,技能名称_英-中
Grass Tera Shard,草太晶碎块,道具,道具名称_英-中
Grass Whistle,草笛,技能,技能名称_英-中
GrassWhistle,草笛,技能,技能名称_英-中
Grassium Z,草Z,道具,道具名称_英-中
Grassy Glide,青草滑梯,技能,技能名称_英-中
Grassy Seed,青草种子,道具,道具名称_英-中
Grassy Surge,青草制造者,特性,特性名称_英-中
Grassy Terrain,青草场地,技能,技能名称_英-中
Grav Apple,万有引力,技能,技能名称_英-中
Graveler,隆隆石,精灵,精灵名称_英-中
Gravity,重力,技能,技能名称_英-中
Gray Shard,灰色碎片,地名,FixedTranslations
Great Ball,超级球,道具,道具名称_英-中
Great Tusk,雄伟牙,精灵,精灵名称_英-中
Greavard,墓仔狗,精灵,精灵名称_英-中
Greedent,藏饱栗鼠,精灵,精灵名称_英-中
Green,青绿,地名,FixedTranslations
Green Apricorn,绿球果,道具,道具名称_英-中
Green Bell Pepper,青椒片,道具,道具名称_英-中
Green Dish,绿色盘子,道具,道具名称_英-中
Green Petal,绿色花瓣,道具,道具名称_英-中
Green Poké Ball Pick,绿珠珠三明治签,道具,道具名称_英-中
Green Scarf,绿色头巾,道具,道具名称_英-中
Green Shard,绿色碎片,道具,道具名称_英-中
Greet Mail,初次邮件,道具,道具名称_英-中
Greninja,甲贺忍蛙,精灵,精灵名称_英-中
Grepa Berry,萄葡果,道具,道具名称_英-中
Greta,黄瓜香,地名,FixedTranslations
Grey Estate,灰色庄园,地名,PokemonCommonTranslation
Grey Science Inc,灰色科技公司,地名,PokemonCommonTranslation
Grey?Estate,灰色庄园,地名,FixedTranslations
Grey?Science?Inc,灰色科技公司,地名,FixedTranslations
Grim Neigh,漆黑嘶鸣,特性,特性名称_英-中
Grimer,臭泥,精灵,精灵名称_英-中
Grimmsnarl,长毛巨魔,精灵,精灵名称_英-中
Grip Claw,紧缠钩爪,道具,道具名称_英-中
Griseous Core,大白金宝玉,道具,道具名称_英-中
Griseous Orb,白金宝珠,道具,道具名称_英-中
Grit Dust,奋斗沙,道具,道具名称_英-中
Grit Gravel,奋斗砾,道具,道具名称_英-中
Grit Pebble,奋斗石,道具,道具名称_英-中
Grit Rock,奋斗岩,道具,道具名称_英-中
Groceries,生活用品,地名,FixedTranslations
Grookey,敲音猴,精灵,精灵名称_英-中
Grotle,树林龟,精灵,精灵名称_英-中
Groudon,固拉多,精灵,精灵名称_英-中
Ground,地面,地名,FixedTranslations
Ground Gem,地面宝石,道具,道具名称_英-中
Ground Memory,大地存储碟,道具,道具名称_英-中
Ground Tera Shard,地面太晶碎块,道具,道具名称_英-中
Groundium Z,地面Z,道具,道具名称_英-中
Grovyle,森林蜥蜴,精灵,精灵名称_英-中
Growl,叫声,技能,技能名称_英-中
Growlithe,卡蒂狗,精灵,精灵名称_英-中
Growth,生长,技能,技能名称_英-中
Growth Mulch,速速肥,道具,道具名称_英-中
Grubbin,强颚鸡母虫,精灵,精灵名称_英-中
Grubby Hanky,脏手帕,道具,道具名称_英-中
Grudge,怨念,技能,技能名称_英-中
Grumpig,噗噗猪,精灵,精灵名称_英-中
Guard Dog,看门犬,特性,特性名称_英-中
Guard Spec.,能力防守,道具,道具名称_英-中
Guard Split,防守平分,技能,技能名称_英-中
Guard Swap,防守互换,技能,技能名称_英-中
Guardian of Alola,巨人卫士阿罗拉,技能,PokemonCommonTranslation
Guillotine,断头钳,技能,技能名称_英-中
Gulp Missile,一口导弹,特性,特性名称_英-中
Gulpin,溶食兽,精灵,精灵名称_英-中
Gumshoos,猫鼬探长,精灵,精灵名称_英-中
Gunk Shot,垃圾射击,技能,技能名称_英-中
Gurdurr,铁骨土人,精灵,精灵名称_英-中
Gust,起风,技能,技能名称_英-中
Guts,毅力,特性,特性名称_英-中
Guzzlord,恶食大王,精灵,精灵名称_英-中
Gyarados,暴鲤龙,精灵,精灵名称_英-中
Gyaradosite,暴鲤龙进化石,道具,道具名称_英-中
Gym,道馆,地名,FixedTranslations
Gyro Ball,陀螺球,技能,技能名称_英-中
HARD,困难,菜单,PokemonCommonTranslation
HARDEST,超困难,菜单,PokemonCommonTranslation
HIGH,高,菜单,PokemonCommonTranslation
HP,生命,地名,FixedTranslations
HP Up,HP增强剂,道具,道具名称_英-中
Haban Berry,莓榴果,道具,道具名称_英-中
Hadron Engine,强子引擎,特性,特性名称_英-中
Hail,冰雹,技能,技能名称_英-中
Hakamo-o,鳞甲龙,精灵,精灵名称_英-中
Ham,火腿片,道具,道具名称_英-中
Hamburger,汉堡排,道具,道具名称_英-中
Hammer Arm,臂锤,技能,技能名称_英-中
Happiny,小福蛋,精灵,精灵名称_英-中
Happy Hour,欢乐时光,技能,技能名称_英-中
Harbor Mail,港口邮件,道具,道具名称_英-中
Hard Stone,硬石头,道具,道具名称_英-中
Harden,变硬,技能,技能名称_英-中
Hardy,勤奋,地名,FixedTranslations
Hariyama,铁掌力士,精灵,精灵名称_英-中
Harvest,收获,特性,特性名称_英-中
Harvey,哈维,地名,FixedTranslations
Hasty,急躁,地名,FixedTranslations
Hasty Mint,急躁薄荷,道具,道具名称_英-中
Hatenna,迷布莉姆,精灵,精灵名称_英-中
Hatterene,布莉姆温,精灵,精灵名称_英-中
Hattrem,提布莉姆,精灵,精灵名称_英-中
Haunter,鬼斯通,精灵,精灵名称_英-中
Hawlucha,摔角鹰人,精灵,精灵名称_英-中
Haxorus,双斧战龙,精灵,精灵名称_英-中
Haze,黑雾,技能,技能名称_英-中
Head Charge,爆炸头突击,技能,技能名称_英-中
Head Smash,双刃头锤,技能,技能名称_英-中
Headbutt,头锤,技能,技能名称_英-中
Headlong Rush,突飞猛扑,技能,技能名称_英-中
Heal Ball,治愈球,道具,道具名称_英-中
Heal Bell,治愈铃声,技能,技能名称_英-中
Heal Block,回复封锁,技能,技能名称_英-中
Heal Chowder,治愈杂烩炖汤,地名,FixedTranslations
Heal Order,回复指令,技能,技能名称_英-中
Heal Powder,万能粉,道具,道具名称_英-中
Heal Pulse,治愈波动,技能,技能名称_英-中
Healer,治愈之心,特性,特性名称_英-中
Healing Wish,治愈之愿,技能,技能名称_英-中
Health Candy,元气糖果,道具,道具名称_英-中
Health Candy L,元气糖果L,道具,道具名称_英-中
Health Candy XL,元气糖果XL,道具,道具名称_英-中
Health Wing,体力之羽,道具,道具名称_英-中
Heart Mail,甜蜜邮件,道具,道具名称_英-中
Heart Scale,心之鳞片,道具,道具名称_英-中
Heart Stamp,爱心印章,技能,技能名称_英-中
Heart Swap,心灵互换,技能,技能名称_英-中
Hearty Grains,旺旺谷,道具,道具名称_英-中
Heat Crash,高温重压,技能,技能名称_英-中
Heat Rock,炽热岩石,道具,道具名称_英-中
Heat Wave,热风,技能,技能名称_英-中
Heather Moor,石南荒野,地名,PokemonCommonTranslation
Heather?Moor,石南荒野,地名,FixedTranslations
Heatmor,熔蚁兽,精灵,精灵名称_英-中
Heatproof,耐热,特性,特性名称_英-中
Heatran,席多蓝恩,精灵,精灵名称_英-中
Heavy Ball,沉重球,道具,道具名称_英-中
Heavy Metal,重金属,特性,特性名称_英-中
Heavy Slam,重磅冲撞,技能,技能名称_英-中
Heavy-Duty Boots,厚底靴,道具,道具名称_英-中
HeliX Fossil,贝壳化石,道具,道具名称_英-中
Heliolisk,光电伞蜥,精灵,精灵名称_英-中
Helioptile,伞电蜥,精灵,精灵名称_英-中
Helping Hand,帮助,技能,技能名称_英-中
Heracronite,赫拉克罗斯进化石,道具,道具名称_英-中
Heracross,赫拉克罗斯,精灵,精灵名称_英-中
Herbed Sausage,香草香肠,道具,道具名称_英-中
Herdier,哈约克,精灵,精灵名称_英-中
Heroic Sword Pick,勇者之剑三明治签,道具,道具名称_英-中
Hex,祸不单行,技能,技能名称_英-中
Heya Union,赫雅公会,地名,FixedTranslations
Hi,嗨,测试,PokemonCommonTranslation
Hi Jump Kick,飞膝踢,技能,技能名称_英-中
Hi-tech Earbuds,厉害耳塞,道具,道具名称_英-中
Hidden Power,觉醒力量,技能,技能名称_英-中
High Horsepower,十万马力,技能,技能名称_英-中
High Jump Kick,飞膝踢,技能,技能名称_英-中
Hippopotas,沙河马,精灵,精灵名称_英-中
Hippowdon,河马兽,精灵,精灵名称_英-中
Hitmonchan,快拳郎,精灵,精灵名称_英-中
Hitmonlee,飞腿郎,精灵,精灵名称_英-中
Hitmontop,战舞郎,精灵,精灵名称_英-中
Ho-Oh,凤王,精灵,精灵名称_英-中
Hold Back,手下留情,技能,技能名称_英-中
Hold Hands,牵手,技能,技能名称_英-中
Holo Caster,全息影像通讯器,道具,道具名称_英-中
Home Goods,家居用品,地名,FixedTranslations
Hometown Muffin,家乡玛芬,道具,道具名称_英-中
Honchkrow,乌鸦头头,精灵,精灵名称_英-中
Hondew Berry,哈密果,道具,道具名称_英-中
Hone Claws,磨爪,技能,技能名称_英-中
Honedge,独剑鞘,精灵,精灵名称_英-中
Honey,甜甜蜜,道具,道具名称_英-中
Honey Cake,蜜诱团,道具,道具名称_英-中
Honey Gather,采蜜,特性,特性名称_英-中
Honor of Kalos,卡洛斯勋章,道具,道具名称_英-中
Hoopa,胡帕,精灵,精灵名称_英-中
Hoothoot,咕咕,精灵,精灵名称_英-中
Hopo Berry,花啤果,道具,道具名称_英-中
Hoppip,毽子草,精灵,精灵名称_英-中
Horatio,霍雷肖,地名,FixedTranslations
Horn Attack,角撞,技能,技能名称_英-中
Horn Drill,角钻,技能,技能名称_英-中
Horn Leech,木角,技能,技能名称_英-中
Horsea,墨海马,精灵,精灵名称_英-中
Horseradish,辣根,道具,道具名称_英-中
Houndoom,黑鲁加,精灵,精灵名称_英-中
Houndoominite,黑鲁加进化石,道具,道具名称_英-中
Houndour,戴鲁比,精灵,精灵名称_英-中
Houndstone,墓扬犬,精灵,精灵名称_英-中
Howl,长嚎,技能,技能名称_英-中
Huge Power,大力士,特性,特性名称_英-中
Hunger Switch,饱了又饿,特性,特性名称_英-中
Huntail,猎斑鱼,精灵,精灵名称_英-中
Hurricane,暴风,技能,技能名称_英-中
Hustle,活力,特性,特性名称_英-中
Hydrapple,蜜集大蛇,精灵名,PokemonCommonTranslation
Hydration,湿润之躯,特性,特性名称_英-中
Hydreigon,三首恶龙,精灵,精灵名称_英-中
Hydro Cannon,加农水炮,技能,技能名称_英-中
Hydro Pump,水炮,技能,技能名称_英-中
Hydro Vortex,超级水流大漩涡,技能,技能名称_英-中
Hyper Beam,破坏光线,技能,技能名称_英-中
Hyper Cutter,怪力钳,特性,特性名称_英-中
Hyper Drill,强力钻,技能,技能名称_英-中
Hyper Fang,必杀门牙,技能,技能名称_英-中
Hyper Potion,厉害伤药,道具,道具名称_英-中
Hyper Voice,巨声,技能,技能名称_英-中
Hyperspace Fury,异次元猛攻,技能,技能名称_英-中
Hyperspace Hole,异次元洞,技能,技能名称_英-中
Hypno,引梦貘人,精灵,精灵名称_英-中
Hypnosis,催眠术,技能,技能名称_英-中
ICEFALL CAVE,冻瀑洞窟,地名,FixedTranslations
INDIGO PLATEAU,石英高原,地名,FixedTranslations
INSIDE OF TRUCK,货车中,地名,FixedTranslations
ISLAND CAVE,小岛洞穴,地名,FixedTranslations
Iapapa Berry,芭亚果,道具,道具名称_英-中
Ice Ball,冰球,技能,技能名称_英-中
Ice Beam,冰冻光束,技能,技能名称_英-中
Ice Berry,冰冻的果实,道具,道具名称_英-中
Ice Body,冰冻之躯,特性,特性名称_英-中
Ice Burn,极寒冷焰,技能,技能名称_英-中
Ice Face,结冻头,特性,特性名称_英-中
Ice Fang,冰冻牙,技能,技能名称_英-中
Ice Gem,冰之宝石,道具,道具名称_英-中
Ice Hammer,冰锤,技能,技能名称_英-中
Ice Heal,解冻药,道具,道具名称_英-中
Ice Memory,冰雪存储碟,道具,道具名称_英-中
Ice Punch,冰冻拳,技能,技能名称_英-中
Ice Scales,冰鳞粉,特性,特性名称_英-中
Ice Shard,冰砾,技能,技能名称_英-中
Ice Spinner,冰旋,技能,技能名称_英-中
Ice Stone,冰之石,道具,道具名称_英-中
Ice Tera Shard,冰太晶碎块,道具,道具名称_英-中
Iceroot Carrot,冰萝卜,道具,道具名称_英-中
Icicle Crash,冰柱坠击,技能,技能名称_英-中
Icicle Plate,冰柱石板,道具,道具名称_英-中
Icicle Spear,冰锥,技能,技能名称_英-中
Icium Z,冰Z,道具,道具名称_英-中
Icy Rock,冰冷岩石,道具,道具名称_英-中
Icy Wind,冰冻之风,技能,技能名称_英-中
Igglybuff,宝宝丁,精灵,精灵名称_英-中
Ilima's Normalium Z,伊利马的一般Z,道具,PokemonCommonTranslation
Ilima’s Normalium Z,伊利马的一般Z,道具,道具名称_英-中
Illuminate,发光,特性,特性名称_英-中
Illumise,甜甜萤,精灵,精灵名称_英-中
Illusion,幻觉,特性,特性名称_英-中
Immunity,免疫,特性,特性名称_英-中
Imogen,伊莫金,地名,FixedTranslations
Impidimp,捣蛋小妖,精灵,精灵名称_英-中
Impish,淘气,地名,FixedTranslations
Impish Mint,淘气薄荷,道具,道具名称_英-中
Imposter,变身者,特性,特性名称_英-中
Imprinter,印刷机,地名,FixedTranslations
Imprison,封印,技能,技能名称_英-中
Incinerate,烧尽,技能,技能名称_英-中
Incineroar,炽焰咆哮虎,精灵,精灵名称_英-中
Incinium Z,炽焰咆哮虎Z,道具,道具名称_英-中
Indeedee,爱管侍,精灵,精灵名称_英-中
Infernal Parade,群魔乱舞,技能,技能名称_英-中
Infernape,烈焰猴,精灵,精灵名称_英-中
Inferno,炼狱,技能,技能名称_英-中
Inferno Overdrive,超强极限爆焰弹,技能,技能名称_英-中
Infestation,死缠烂打,技能,技能名称_英-中
Infiltrator,穿透,特性,特性名称_英-中
Ingrain,扎根,技能,技能名称_英-中
Inkay,好啦鱿,精灵,精灵名称_英-中
Innards Out,飞出的内在物,特性,特性名称_英-中
Inner Focus,精神力,特性,特性名称_英-中
Inquiry Mail,询问邮件,道具,道具名称_英-中
Insect Plate,玉虫石板,道具,道具名称_英-中
Insomnia,不眠,特性,特性名称_英-中
Instant Noodles,即食面,道具,道具名称_英-中
Instruct,号令,技能,技能名称_英-中
Inteleon,千面避役,精灵,精灵名称_英-中
Intimidate,威吓,特性,特性名称_英-中
Intrepid Sword,不挠之剑,特性,特性名称_英-中
Intriguing Stone,似珍石,道具,道具名称_英-中
Inver,凡篆,地名,FixedTranslations
Ion Deluge,等离子浴,技能,技能名称_英-中
Iron,防御增强剂,道具,道具名称_英-中
Iron Ball,黑色铁球,道具,道具名称_英-中
Iron Barbs,铁刺,特性,特性名称_英-中
Iron Barktongue,铁壁木耳,道具,道具名称_英-中
Iron Boulder,铁磐岩,精灵名,PokemonCommonTranslation
Iron Bundle,铁包袱,精灵,精灵名称_英-中
Iron Chunk,碎铁,道具,道具名称_英-中
Iron Crown,铁头壳,精灵名,PokemonCommonTranslation
Iron Defense,铁壁,技能,技能名称_英-中
Iron Fist,铁拳,特性,特性名称_英-中
Iron Hands,铁臂膀,精灵,精灵名称_英-中
Iron Head,铁头,技能,技能名称_英-中
Iron Hollow,铁矿洞,地名,PokemonCommonTranslation
Iron Jugulis,铁脖颈,精灵,精灵名称_英-中
Iron Leaves,铁斑叶,精灵名,PokemonCommonTranslation
Iron Moth,铁毒蛾,精灵,精灵名称_英-中
Iron Plate,钢铁石板,道具,道具名称_英-中
Iron Tail,铁尾,技能,技能名称_英-中
Iron Thorns,铁荆棘,精灵,精灵名称_英-中
Iron Treads,铁辙迹,精灵,精灵名称_英-中
Iron Valiant,铁武者,精灵,精灵名称_英-中
Iron?Hollow,铁矿洞,地名,FixedTranslations
IronBundle,铁包袱,精灵名,PokemonCommonTranslation
IronJuguli,铁脖颈,精灵名,PokemonCommonTranslation
IronLeaves,铁斑叶,精灵名,PokemonCommonTranslation
IronThorns,铁荆棘,精灵名,PokemonCommonTranslation
IronTreads,铁辙迹,精灵名,PokemonCommonTranslation
IronValiant,铁武者,精灵名,PokemonCommonTranslation
Isobel,伊索贝,地名,FixedTranslations
Itemfinder,探宝器,道具,道具名称_英-中
Ivysaur,妙蛙草,精灵,精灵名称_英-中
Izantine City,勒赞丁市,地名,PokemonCommonTranslation
Izantine?City,勒赞丁市,地名,FixedTranslations
JAGGED PASS,凹凸山道,地名,FixedTranslations
Jaboca Berry,嘉珍果,道具,道具名称_英-中
Jace,贾森,地名,FixedTranslations
Jade Orb,草绿色宝珠,道具,道具名称_英-中
Jalape?o,小辣椒,道具,PokemonCommonTranslation
Jalapeño,小辣椒,道具,道具名称_英-中
Jam,莓果酱,道具,道具名称_英-中
Jamie,杰米,地名,FixedTranslations
Jangmo-o,心鳞宝,精灵,精灵名称_英-中
Jaw Fossil,颚之化石,道具,道具名称_英-中
Jaw Lock,紧咬不放,技能,技能名称_英-中
Jellicent,胖嘟嘟,精灵,精灵名称_英-中
Jet Ball,飞梭球,道具,道具名称_英-中
Jet Punch,喷射拳,技能,技能名称_英-中
Jigglypuff,胖丁,精灵,精灵名称_英-中
Jirachi,基拉祈,精灵,精灵名称_英-中
Johto Slate,城都石板,道具,道具名称_英-中
Jolly,爽朗,地名,FixedTranslations
Jolly Mint,爽朗薄荷,道具,道具名称_英-中
Jolteon,雷伊布,精灵,精灵名称_英-中
Joltik,电电虫,精灵,精灵名称_英-中
Journal,冒险笔记,道具,道具名称_英-中
Juan,亚当,地名,FixedTranslations
Jubilife Muffin,祝庆玛芬,道具,道具名称_英-中
Judgment,制裁光砾,技能,技能名称_英-中
Jump Kick,飞踢,技能,技能名称_英-中
Jumpluff,毽子棉,精灵,精灵名称_英-中
Jungle Beans,丛林豆,地名,FixedTranslations
Jungle Healing,丛林治疗,技能,技能名称_英-中
Justified,正义之心,特性,特性名称_英-中
Jynx,迷唇姐,精灵,精灵名称_英-中
KINDLE ROAD,火照山道,地名,FixedTranslations
Kabuto,化石盔,精灵,精灵名称_英-中
Kabutops,镰刀盔,精灵,精灵名称_英-中
Kadabra,勇基拉,精灵,精灵名称_英-中
Kakuna,铁壳蛹,精灵,精灵名称_英-中
Kangaskhan,袋兽,精灵,精灵名称_英-中
Kangaskhanite,袋兽进化石,道具,道具名称_英-中
Kanto Slate,关都石板,道具,道具名称_英-中
Karate Chop,空手劈,技能,技能名称_英-中
Karrablast,盖盖虫,精灵,精灵名称_英-中
Kartana,纸御剑,精灵,精灵名称_英-中
Kasib Berry,佛柑果,道具,道具名称_英-中
Kaylee,凯莉,地名,FixedTranslations
Kebia Berry,通通果,道具,道具名称_英-中
Kecleon,变隐龙,精灵,精灵名称_英-中
Kee Berry,亚开果,道具,道具名称_英-中
Keen Eye,锐利目光,特性,特性名称_英-中
Keldeo,凯路迪欧,精灵,精灵名称_英-中
Kelpsy Berry,藻根果,道具,道具名称_英-中
Ketchup,番茄酱,道具,道具名称_英-中
Key Stone,钥石,道具,道具名称_英-中
Kiana,安娜,地名,FixedTranslations
Kilowattrel,大电海燕,精灵,精灵名称_英-中
Kinesis,折弯汤匙,技能,技能名称_英-中
King's Leaf,皇叶,道具,PokemonCommonTranslation
King's Rock,王者之证,道具,PokemonCommonTranslation
King's Shield,王者盾牌,技能,PokemonCommonTranslation
Kingambit,仆刀将军,精灵,精灵名称_英-中
Kingdra,刺龙王,精灵,精灵名称_英-中
Kingler,巨钳蟹,精灵,精灵名称_英-中
King’s Leaf,皇叶,道具,道具名称_英-中
King’s Rock,王者之证,道具,道具名称_英-中
King’s Shield,王者盾牌,技能,技能名称_英-中
Kirlia,奇鲁莉安,精灵,精灵名称_英-中
Kiwi,奇异果片,道具,道具名称_英-中
Klang,齿轮组,精灵,精灵名称_英-中
Klawf,毛崖蟹,精灵,精灵名称_英-中
Klawf Stick,毛崖蟹棒,道具,道具名称_英-中
Kleavor,劈斧螳螂,精灵,精灵名称_英-中
Klefki,钥圈儿,精灵,精灵名称_英-中
Klink,齿轮儿,精灵,精灵名称_英-中
Klinklang,齿轮怪,精灵,精灵名称_英-中
Klutz,笨拙,特性,特性名称_英-中
Knock Off,拍落,技能,技能名称_英-中
Koffing,瓦斯弹,精灵,精灵名称_英-中
Kofu's Wallet,海岱的钱包,道具,PokemonCommonTranslation
Kofu’s Wallet,海岱的钱包,道具,道具名称_英-中
Komala,树枕尾熊,精灵,精灵名称_英-中
Kommo-o,杖尾鳞甲龙,精灵,精灵名称_英-中
Kommonium Z,杖尾鳞甲龙Z,道具,道具名称_英-中
Koraidon,故勒顿,精灵,精灵名称_英-中
Koraidon's Poké Ball,故勒顿的球,道具,PokemonCommonTranslation
Koraidon’s Poké Ball,故勒顿的球,道具,道具名称_英-中
Kowtow Cleave,仆刀,技能,技能名称_英-中
Krabby,大钳蟹,精灵,精灵名称_英-中
Kricketot,圆法师,精灵,精灵名称_英-中
Kricketune,音箱蟀,精灵,精灵名称_英-中
Krokorok,混混鳄,精灵,精灵名称_英-中
Krookodile,流氓鳄,精灵,精灵名称_英-中
Kubfu,熊徒弟,精灵,精灵名称_英-中
Kuo Berry,角豆果,道具,道具名称_英-中
Kyogre,盖欧卡,精灵,精灵名称_英-中
Kyurem,酋雷姆,精灵,精灵名称_英-中
LANA,水莲,地名,FixedTranslations
LANETTE,真由美,地名,FixedTranslations
LAVARIDGE TOWN,釜炎镇,地名,FixedTranslations
LAVENDER TOWN,紫苑镇,地名,FixedTranslations
LILYCOVE CITY,水静市,地名,FixedTranslations
LILYCOVE SALON,水静发廊,地名,FixedTranslations
LIPTOO CHAMBER,那藏石室,地名,FixedTranslations
LITTLEROOT TOWN,未白镇,地名,FixedTranslations
LOST CAVE,不归之穴,地名,FixedTranslations
LOW,低,菜单,PokemonCommonTranslation
LaX Incense,悠闲薰香,道具,道具名称_英-中
LaX Mint,乐天薄荷,道具,道具名称_英-中
Lagging Tail,后攻之尾,道具,道具名称_英-中
Lairon,可多拉,精灵,精灵名称_英-中
Lampent,灯火幽灵,精灵,精灵名称_英-中
Land's Wrath,大地神力,技能,PokemonCommonTranslation
Landorus,土地云,精灵,精灵名称_英-中
Land’s Wrath,大地神力,技能,技能名称_英-中
Lansat Berry,兰萨果,道具,道具名称_英-中
Lanturn,电灯怪,精灵,精灵名称_英-中
Lapras,拉普拉斯,精灵,精灵名称_英-中
Large Leeks,粗枝大葱,道具,道具名称_英-中
Larvesta,燃烧虫,精灵,精灵名称_英-中
Larvitar,幼基拉斯,精灵,精灵名称_英-中
Laser Focus,磨砺,技能,技能名称_英-中
Lash Out,泄愤,技能,技能名称_英-中
Last Resort,珍藏,技能,技能名称_英-中
Last Respects,扫墓,技能,技能名称_英-中
Latias,拉帝亚斯,精灵,精灵名称_英-中
Latiasite,拉帝亚斯进化石,道具,道具名称_英-中
Latios,拉帝欧斯,精灵,精灵名称_英-中
Latiosite,拉帝欧斯进化石,道具,道具名称_英-中
Lava Cookie,釜炎仙贝,道具,道具名称_英-中
Lava Plume,喷烟,技能,技能名称_英-中
Lax,乐天,地名,FixedTranslations
Leaden Ball,超重球,道具,道具名称_英-中
Leader's Crest,头领凭证,道具,PokemonCommonTranslation
Leader’s Crest,头领凭证,道具,道具名称_英-中
Leaf Blade,叶刃,技能,技能名称_英-中
Leaf Guard,叶子防守,特性,特性名称_英-中
Leaf Letter,树叶信,道具,道具名称_英-中
Leaf Stone,叶之石,道具,道具名称_英-中
Leaf Storm,飞叶风暴,技能,技能名称_英-中
Leaf Tornado,青草搅拌器,技能,技能名称_英-中
Leafage,树叶,技能,技能名称_英-中
Leafeon,叶伊布,精灵,精灵名称_英-中
Leafy Tablecloth,大自然桌巾,道具,道具名称_英-中
Leah,莉亚,地名,FixedTranslations
Lease Out,出租,地名,FixedTranslations
Leavanny,保姆虫,精灵,精灵名称_英-中
Lechonk,爱吃豚,精灵,精灵名称_英-中
Ledian,安瓢虫,精灵,精灵名称_英-中
Ledyba,芭瓢虫,精灵,精灵名称_英-中
Lee,李,地名,FixedTranslations
Leech Life,吸血,技能,技能名称_英-中
Leech Seed,寄生种子,技能,技能名称_英-中
Leer,瞪眼,技能,技能名称_英-中
Left Poké Ball,留下的精灵球,道具,道具名称_英-中
Leftovers,吃剩的东西,道具,道具名称_英-中
Legend Plate,传说石板,道具,道具名称_英-中
Legendary Clue 1,传说笔记1,道具,道具名称_英-中
Legendary Clue 2,传说笔记2,道具,道具名称_英-中
Legendary Clue 3,传说笔记3,道具,道具名称_英-中
Lemonade,果汁牛奶,道具,道具名称_英-中
Lens Case,隐形眼镜盒,道具,道具名称_英-中
Leppa Berry,苹野果,道具,道具名称_英-中
Let's Snuggle Forever,亲密无间大乱揍,技能,PokemonCommonTranslation
Lethean River,遗忘的河,地名,PokemonCommonTranslation
Lethean?River,遗忘的河,地名,FixedTranslations
Letter,给大吾的信,道具,道具名称_英-中
Lettuce,生菜,道具,道具名称_英-中
Let’s Snuggle Forever,亲密无间大乱揍,技能,技能名称_英-中
Level Ball,等级球,道具,道具名称_英-中
Levitate,飘浮,特性,特性名称_英-中
Libero,自由者,特性,特性名称_英-中
Liberty Pass,自由船票,道具,道具名称_英-中
Lick,舌舔,技能,技能名称_英-中
Lickilicky,大舌舔,精灵,精灵名称_英-中
Lickitung,大舌头,精灵,精灵名称_英-中
Liechi Berry,枝荔果,道具,道具名称_英-中
Liepard,酷豹,精灵,精灵名称_英-中
Life Dew,生命水滴,技能,技能名称_英-中
Life Orb,生命宝珠,道具,道具名称_英-中
Lift Key,电梯钥匙,道具,道具名称_英-中
Light Ball,电气球,道具,道具名称_英-中
Light Clay,光之黏土,道具,道具名称_英-中
Light Metal,轻金属,特性,特性名称_英-中
Light Screen,光墙,技能,技能名称_英-中
Light Shard,光明碎片,地名,FixedTranslations
Light Stone,光明石,道具,道具名称_英-中
Light That Burns the Sky,焚天灭世炽光爆,技能,技能名称_英-中
Light of Ruin,破灭之光,技能,技能名称_英-中
Lightning Rod,避雷针,特性,特性名称_英-中
LightningRod,避雷针,特性,特性名称_英-中
Like Mail,推荐邮件,道具,道具名称_英-中
Lilac Tablecloth,紫色桌巾,道具,道具名称_英-中
Lileep,触手百合,精灵,精灵名称_英-中
Lilligant,裙儿小姐,精灵,精灵名称_英-中
Lillipup,小约克,精灵,精灵名称_英-中
Lily,莉莉,地名,FixedTranslations
Limber,柔软,特性,特性名称_英-中
Lingering Aroma,甩不掉的气味,特性,特性名称_英-中
Linking Cord,联系绳,道具,道具名称_英-中
Linoone,直冲熊,精灵,精灵名称_英-中
Liquid Ooze,污泥浆,特性,特性名称_英-中
Liquid Voice,湿润之声,特性,特性名称_英-中
Liquidation,水流裂破,技能,技能名称_英-中
Lisia,琉琪亚,地名,FixedTranslations
Litebluemail,水色邮件,道具,道具名称_英-中
Litleo,小狮狮,精灵,精灵名称_英-中
Litten,火斑喵,精灵,精灵名称_英-中
Litwick,烛光灵,精灵,精灵名称_英-中
Liza,小南,地名,FixedTranslations
Loaded Dice,机变骰子,道具,道具名称_英-中
Lock Capsule,上锁的容器,道具,道具名称_英-中
Lock-On,锁定,技能,技能名称_英-中
Lokix,烈腿蝗,精灵,精灵名称_英-中
Lombre,莲帽小童,精灵,精灵名称_英-中
Lone Earring,一边的耳环,道具,道具名称_英-中
Lonely,怕寂寞,地名,FixedTranslations
Lonely Mint,怕寂寞薄荷,道具,道具名称_英-中
Long Reach,远隔,特性,特性名称_英-中
Looker,帅哥,地名,FixedTranslations
Looker Ticket,帅哥券,道具,道具名称_英-中
Loot Sack,宝物袋,道具,道具名称_英-中
Lopunnite,长耳兔进化石,道具,道具名称_英-中
Lopunny,长耳兔,精灵,精灵名称_英-中
Lost Island,失落之岛,地名,PokemonCommonTranslation
Lost Item,遗失物,道具,道具名称_英-中
Lost Satchel,他人的遗失物,道具,道具名称_英-中
Lost?Island,失落之岛,地名,FixedTranslations
Lotad,莲叶童子,精灵,精灵名称_英-中
Loudred,吼爆弹,精灵,精灵名称_英-中
Love Ball,甜蜜球,道具,道具名称_英-中
Love Sweet,爱心糖饰,道具,道具名称_英-中
Lovely Kiss,恶魔之吻,技能,技能名称_英-中
Lovely Mail,可爱邮件,道具,道具名称_英-中
Low Kick,踢倒,技能,技能名称_英-中
Low Sweep,下盘踢,技能,技能名称_英-中
LuXury Ball,豪华球,道具,道具名称_英-中
Lucario,路卡利欧,精灵,精灵名称_英-中
Lucarionite,路卡利欧进化石,道具,道具名称_英-中
Luck Incense,幸运薰香,道具,道具名称_英-中
Lucky Chant,幸运咒语,技能,技能名称_英-中
Lucky Egg,幸运蛋,道具,道具名称_英-中
Lucky Punch,吉利拳,道具,道具名称_英-中
Lucy,小蓟,地名,FixedTranslations
Ludicolo,乐天河童,精灵,精灵名称_英-中
Lugia,洛奇亚,精灵,精灵名称_英-中
Lum Berry,木子果,道具,道具名称_英-中
Lumina Crash,琉光冲激,技能,技能名称_英-中
Lumineon,霓虹鱼,精灵,精灵名称_英-中
Luminous Moss,光苔,道具,道具名称_英-中
Lumiose Galette,密阿雷格雷派饼,道具,道具名称_英-中
Lunala,露奈雅拉,精灵,精灵名称_英-中
Lunalium Z,露奈雅拉Z,道具,道具名称_英-中
Lunar Blessing,新月祈祷,技能,技能名称_英-中
Lunar Dance,新月舞,技能,技能名称_英-中
Lunar Wing,新月之羽,道具,道具名称_英-中
Lunatone,月石,精灵,精灵名称_英-中
Lunge,猛扑,技能,技能名称_英-中
Lurantis,兰螳花,精灵,精灵名称_英-中
Lure,引虫香水,道具,道具名称_英-中
Lure Ball,诱饵球,道具,道具名称_英-中
Luster Purge,洁净光芒,技能,技能名称_英-中
Lustrous Globe,大白宝玉,道具,道具名称_英-中
Lustrous Orb,白玉宝珠,道具,道具名称_英-中
Luvdisc,爱心鱼,精灵,精灵名称_英-中
Luxio,勒克猫,精灵,精灵名称_英-中
Luxray,伦琴猫,精灵,精灵名称_英-中
Lycanium Z,鬃岩狼人Z,道具,道具名称_英-中
Lycanroc,鬃岩狼人,精灵,精灵名称_英-中
MAGMA HIDEOUT,熔岩队基地,地名,FixedTranslations
MAUVILLE CITY,紫堇市,地名,FixedTranslations
MEMORIAL PILLAR,回忆之塔,地名,FixedTranslations
METEOR FALLS,流星瀑布,地名,FixedTranslations
MIRAGE ISLAND,幻之岛,地名,FixedTranslations
MISC,杂项,菜单,PokemonCommonTranslation
MONEAN CHAMBER,伊莱斯石室,地名,FixedTranslations
MONEY:,金钱:,菜单,PokemonCommonTranslation
MOSSDEEP CITY,绿岭市,地名,FixedTranslations
MOVEMENT,动作,菜单,PokemonCommonTranslation
MT. CHIMNEY,烟囱山,地名,FixedTranslations
MT. EMBER,灯火山,地名,FixedTranslations
MT. MOON,月见山,地名,FixedTranslations
MT. PYRE,送神山,地名,FixedTranslations
MT.CHIMNEY,烟囱山,地名,PokemonCommonTranslation
MT.EMBER,灯火山,地名,PokemonCommonTranslation
MT.MOON,月见山,地名,PokemonCommonTranslation
MT.PYRE,送神山,地名,PokemonCommonTranslation
MaX EliXir,PP多项全补剂,道具,道具名称_英-中
MaX Ether,PP单项全补剂,道具,道具名称_英-中
MaX Honey,极巨甜蜜,道具,道具名称_英-中
MaX Lure,黄金香水,道具,道具名称_英-中
MaX Mushrooms,极巨菇菇,道具,道具名称_英-中
MaX Potion,全满药,道具,道具名称_英-中
MaX Repel,黄金喷雾,道具,道具名称_英-中
MaX Revive,活力块,道具,道具名称_英-中
Mabosstiff,獒教父,精灵,精灵名称_英-中
Mach Bike,音速自行车,道具,道具名称_英-中
Mach Punch,音速拳,技能,技能名称_英-中
Machamp,怪力,精灵,精灵名称_英-中
Machine Part,机械零件,道具,道具名称_英-中
Macho Brace,强制锻炼器,道具,道具名称_英-中
Machoke,豪力,精灵,精灵名称_英-中
Machop,腕力,精灵,精灵名称_英-中
Magby,鸭嘴宝宝,精灵,精灵名称_英-中
Magcargo,熔岩蜗牛,精灵,精灵名称_英-中
Magearna,玛机雅娜,精灵,精灵名称_英-中
Magic Bounce,魔法镜,特性,特性名称_英-中
Magic Coat,魔法反射,技能,技能名称_英-中
Magic Guard,魔法防守,特性,特性名称_英-中
Magic Powder,魔法粉,技能,技能名称_英-中
Magic Room,魔法空间,技能,技能名称_英-中
Magical Heart Pick,魔法甜心三明治签,道具,道具名称_英-中
Magical Leaf,魔法叶,技能,技能名称_英-中
Magical Star Pick,魔法星星三明治签,道具,道具名称_英-中
Magical Torque,魔法暴冲,技能,技能名称_英-中
Magician,魔术师,特性,特性名称_英-中
Magikarp,鲤鱼王,精灵,精灵名称_英-中
Magma Armor,熔岩铠甲,特性,特性名称_英-中
Magma Emblem,熔岩标志,道具,道具名称_英-中
Magma Stone,火山镇石,道具,道具名称_英-中
Magma Storm,熔岩风暴,技能,技能名称_英-中
Magma Suit,熔岩装,道具,道具名称_英-中
Magmar,鸭嘴火兽,精灵,精灵名称_英-中
Magmarizer,熔岩增幅器,道具,道具名称_英-中
Magmortar,鸭嘴炎兽,精灵,精灵名称_英-中
Magnemite,小磁怪,精灵,精灵名称_英-中
Magnet,磁铁,道具,道具名称_英-中
Magnet Bomb,磁铁炸弹,技能,技能名称_英-中
Magnet Pull,磁力,特性,特性名称_英-中
Magnet Rise,电磁飘浮,技能,技能名称_英-中
Magnetic Flux,磁场操控,技能,技能名称_英-中
Magneton,三合一磁怪,精灵,精灵名称_英-中
Magnezone,自爆磁怪,精灵,精灵名称_英-中
Magnitude,震级,技能,技能名称_英-中
Mago Berry,芒芒果,道具,道具名称_英-中
Magost Berry,岳竹果,道具,道具名称_英-中
Make It Rain,淘金潮,技能,技能名称_英-中
Makeup Bag,化妆包,道具,道具名称_英-中
Makuhita,幕下力士,精灵,精灵名称_英-中
Malamar,乌贼王,精灵,精灵名称_英-中
Malcolm,麦尔肯,地名,FixedTranslations
Malicious Armor,咒术之铠,道具,道具名称_英-中
Malicious Moonsault,极恶飞跃粉碎击,技能,技能名称_英-中
Mamoswine,象牙猪,精灵,精灵名称_英-中
Manaphy,玛纳霏,精灵,精灵名称_英-中
Mandibuzz,秃鹰娜,精灵,精灵名称_英-中
Manectite,雷电兽进化石,道具,道具名称_英-中
Manectric,雷电兽,精灵,精灵名称_英-中
Mankey,猴怪,精灵,精灵名称_英-中
Mantine,巨翅飞鱼,精灵,精灵名称_英-中
Mantyke,小球飞鱼,精灵,精灵名称_英-中
Maractus,沙铃仙人掌,精灵,精灵名称_英-中
Maranga Berry,香罗果,道具,道具名称_英-中
Marble,弹珠,道具,道具名称_英-中
Mareanie,好坏星,精灵,精灵名称_英-中
Mareep,咩利羊,精灵,精灵名称_英-中
Marill,玛力露,精灵,精灵名称_英-中
Marill Ball,玛力露球,道具,道具名称_英-中
Mark Charm,证章护符,道具,道具名称_英-中
Marmalade,橘子酱,道具,道具名称_英-中
Marowak,嘎啦嘎啦,精灵,精灵名称_英-中
Marsh Balm,沼之镇宝,道具,道具名称_英-中
MarshBadge,金色徽章,道具,道具名称_英-中
Marshadium Z,玛夏多Z,道具,道具名称_英-中
Marshadow,玛夏多,精灵,精灵名称_英-中
Marshtomp,沼跃鱼,精灵,精灵名称_英-中
Marvel Scale,神奇鳞片,特性,特性名称_英-中
Maschiff,偶叫獒,精灵,精灵名称_英-中
Mason,梅森,地名,FixedTranslations
Masquerain,雨翅蛾,精灵,精灵名称_英-中
Master Ball,大师球,道具,道具名称_英-中
Mat Block,掀榻榻米,技能,技能名称_英-中
Matt,阿潮,地名,FixedTranslations
Maushold,一家鼠,精灵,精灵名称_英-中
Mawile,大嘴娃,精灵,精灵名称_英-中
Mawilite,大嘴娃进化石,道具,道具名称_英-中
Max Airstream,极巨飞冲,技能,技能名称_英-中
Max Darkness,极巨恶霸,技能,技能名称_英-中
Max Flare,极巨火爆,技能,技能名称_英-中
Max Flutterby,极巨虫蛊,技能,技能名称_英-中
Max Geyser,极巨水流,技能,技能名称_英-中
Max Guard,极巨防壁,技能,技能名称_英-中
Max Hailstorm,极巨寒冰,技能,技能名称_英-中
Max Knuckle,极巨拳斗,技能,技能名称_英-中
Max Lightning,极巨闪电,技能,技能名称_英-中
Max Mindstorm,极巨超能,技能,技能名称_英-中
Max Ooze,极巨酸毒,技能,技能名称_英-中
Max Overgrowth,极巨草原,技能,技能名称_英-中
Max Phantasm,极巨幽魂,技能,技能名称_英-中
Max Quake,极巨大地,技能,技能名称_英-中
Max Rockfall,极巨岩石,技能,技能名称_英-中
Max Starfall,极巨妖精,技能,技能名称_英-中
Max Steelspike,极巨钢铁,技能,技能名称_英-中
Max Strike,极巨攻击,技能,技能名称_英-中
Max Wyrmwind,极巨龙骑,技能,技能名称_英-中
Maxie,赤焰松,地名,FixedTranslations
Mayonnaise,蛋黄酱,道具,道具名称_英-中
Me First,抢先一步,技能,技能名称_英-中
Meadow Plate,碧绿石板,道具,道具名称_英-中
Mean Look,黑色目光,技能,技能名称_英-中
Mech Mail,机械邮件,道具,道具名称_英-中
Med Kit,急救包,地名,FixedTranslations
Medal BoX,奖牌盒,道具,道具名称_英-中
Medicham,恰雷姆,精灵,精灵名称_英-中
Medichamite,恰雷姆进化石,道具,道具名称_英-中
Medicinal Leek,疗草,道具,道具名称_英-中
Medicine Pocket,回复口袋,道具,道具名称_英-中
Meditate,瑜伽姿势,技能,技能名称_英-中
Meditite,玛沙那,精灵,精灵名称_英-中
Mega Anchor,超级船锚,道具,道具名称_英-中
Mega Anklet,超级脚镯,道具,道具名称_英-中
Mega Bracelet,超级手镯,道具,道具名称_英-中
Mega Charm,超级坠饰,道具,道具名称_英-中
Mega Cuff,超级护腕,道具,道具名称_英-中
Mega Drain,超级吸取,技能,技能名称_英-中
Mega Glasses,超级眼镜,道具,道具名称_英-中
Mega Glove,超级手套,道具,道具名称_英-中
Mega Kick,百万吨重踢,技能,技能名称_英-中
Mega Launcher,超级发射器,特性,特性名称_英-中
Mega Pendant,超级吊坠,道具,道具名称_英-中
Mega Punch,百万吨重拳,技能,技能名称_英-中
Mega Ring,超级环,道具,道具名称_英-中
Mega Stickpin,超级领针,道具,道具名称_英-中
Mega Tiara,超级头冠,道具,道具名称_英-中
Megahorn,超级角击,技能,技能名称_英-中
Megan,梅根,地名,FixedTranslations
Meganium,大竺葵,精灵,精灵名称_英-中
Melmetal,美录梅塔,精灵,精灵名称_英-中
Meloetta,美洛耶塔,精灵,精灵名称_英-中
Meltan,美录坦,精灵,精灵名称_英-中
Member Card,会员卡,道具,道具名称_英-中
Memento,临别礼物,技能,技能名称_英-中
Menacing Moonraze Maelstrom,月华飞溅落灵霄,技能,技能名称_英-中
Mental Herb,心灵香草,道具,道具名称_英-中
Meowscarada,魔幻假面喵,精灵,精灵名称_英-中
Meowstic,超能妙喵,精灵,精灵名称_英-中
Meowth,喵喵,精灵,精灵名称_英-中
Merciless,不仁不义,特性,特性名称_英-中
Mesprit,艾姆利多,精灵,精灵名称_英-中
Mesprit's Plume,艾姆利多之翅,道具,PokemonCommonTranslation
Mesprit’s Plume,艾姆利多之翅,道具,道具名称_英-中
Metagross,巨金怪,精灵,精灵名称_英-中
Metagrossite,巨金怪进化石,道具,道具名称_英-中
Metal Burst,金属爆炸,技能,技能名称_英-中
Metal Claw,金属爪,技能,技能名称_英-中
Metal Coat,金属膜,道具,道具名称_英-中
Metal Powder,金属粉,道具,道具名称_英-中
Metal Sound,金属音,技能,技能名称_英-中
Metang,金属怪,精灵,精灵名称_英-中
Metapod,铁甲蛹,精灵,精灵名称_英-中
Meteor Assault,流星突击,技能,技能名称_英-中
Meteor Beam,流星光束,技能,技能名称_英-中
Meteor Mash,彗星拳,技能,技能名称_英-中
Meteorite,陨石,道具,道具名称_英-中
Meteorite Shard,陨石碎片,道具,道具名称_英-中
Metronome,挥指,技能,技能名称_英-中
Mew,梦幻,精灵,精灵名称_英-中
Mewnium Z,梦幻Z,道具,道具名称_英-中
Mewtwo,超梦,精灵,精灵名称_英-中
Mewtwonite X,超梦进化石X,道具,道具名称_英-中
Mewtwonite Y,超梦进化石Y,道具,道具名称_英-中
MiXed Mushrooms,袋装蕈菇,道具,道具名称_英-中
Micle Berry,奇秘果,道具,道具名称_英-中
Mienfoo,功夫鼬,精灵,精灵名称_英-中
Mienshao,师父鼬,精灵,精灵名称_英-中
Mighty Candy,力量糖果,道具,道具名称_英-中
Mighty Candy L,力量糖果L,道具,道具名称_英-中
Mighty Candy XL,力量糖果XL,道具,道具名称_英-中
Mightyena,大狼犬,精灵,精灵名称_英-中
Milcery,小仙奶,精灵,精灵名称_英-中
Mild,慢吞吞,地名,FixedTranslations
Mild Mint,慢吞吞薄荷,道具,道具名称_英-中
Miles,英里,地名,FixedTranslations
Milk Drink,喝牛奶,技能,技能名称_英-中
Milotic,美纳斯,精灵,精灵名称_英-中
Miltank,大奶罐,精灵,精灵名称_英-中
Mime Jr.,魔尼尼,精灵,精灵名称_英-中
Mimic,模仿,技能,技能名称_英-中
Mimicry,拟态,特性,特性名称_英-中
Mimikium Z,谜拟丘Z,道具,道具名称_英-中
Mimikyu,谜拟丘,精灵,精灵名称_英-中
Minccino,泡沫栗鼠,精灵,精灵名称_英-中
Mind Blown,惊爆大头,技能,技能名称_英-中
Mind Plate,神奇石板,道具,道具名称_英-中
Mind Reader,心之眼,技能,技能名称_英-中
Mineral Water,矿泉水,地名,FixedTranslations
Minimize,变小,技能,技能名称_英-中
Minior,小陨星,精灵,精灵名称_英-中
Minnie,水惠,地名,FixedTranslations
Mint Berry,薄荷的果实,道具,道具名称_英-中
Mint Tablecloth,浅绿桌巾,道具,道具名称_英-中
Minun,负电拍拍,精灵,精灵名称_英-中
Minus,负电,特性,特性名称_英-中
Miracle Eye,奇迹之眼,技能,技能名称_英-中
Miracle Seed,奇迹种子,道具,道具名称_英-中
MiracleBerry,奇迹的果实,道具,道具名称_英-中
Mirage Mail,梦幻邮件,道具,道具名称_英-中
Mirage Tower,幻影之塔,地名,FixedTranslations
Miraidon,密勒顿,精灵,精灵名称_英-中
Miraidon's Poké Ball,密勒顿的球,道具,PokemonCommonTranslation
Miraidon’s Poké Ball,密勒顿的球,道具,道具名称_英-中
Mirror Armor,镜甲,特性,特性名称_英-中
Mirror Coat,镜面反射,技能,技能名称_英-中
Mirror Herb,模仿香草,道具,道具名称_英-中
Mirror Move,鹦鹉学舌,技能,技能名称_英-中
Mirror Shot,镜光射击,技能,技能名称_英-中
Misdreavus,梦妖,精灵,精灵名称_英-中
Mismagius,梦妖魔,精灵,精灵名称_英-中
Miss Pearson,皮尔森老师,人名,PokemonCommonTranslation
Miss?Pearson,皮尔森老师,地名,FixedTranslations
Mist,白雾,技能,技能名称_英-中
Mist Ball,薄雾球,技能,技能名称_英-中
Misty Explosion,薄雾炸裂,技能,技能名称_英-中
Misty Seed,薄雾种子,道具,道具名称_英-中
Misty Surge,薄雾制造者,特性,特性名称_英-中
Misty Terrain,薄雾场地,技能,技能名称_英-中
Modest,内敛,地名,FixedTranslations
Modest Mint,内敛薄荷,道具,道具名称_英-中
Mold Breaker,破格,特性,特性名称_英-中
Moltres,火焰鸟,精灵,精灵名称_英-中
Mom,妈妈,地名,FixedTranslations
Monferno,猛火猴,精灵,精灵名称_英-中
Monstrous Tablecloth,怪兽桌巾,道具,道具名称_英-中
Moody,心情不定,特性,特性名称_英-中
Moomoo Cheese,哞哞乳酪,道具,道具名称_英-中
Moomoo Milk,哞哞鲜奶,道具,道具名称_英-中
Moon Ball,月亮球,道具,道具名称_英-中
Moon Flute,月亮之笛,道具,道具名称_英-中
Moon Stone,月之石,道具,道具名称_英-中
Moonblast,月亮之力,技能,技能名称_英-中
Moongeist Beam,暗影之光,技能,技能名称_英-中
Moonlight,月光,技能,技能名称_英-中
Moor Farm,荒野农场,地名,PokemonCommonTranslation
Moor?Farm,荒野农场,地名,FixedTranslations
Morelull,睡睡菇,精灵,精灵名称_英-中
Morgan,朝蜜,地名,FixedTranslations
Morgrem,诈唬魔,精灵,精灵名称_英-中
Morning Sun,晨光,技能,技能名称_英-中
Morpeko,莫鲁贝可,精灵,精灵名称_英-中
Morph Mail,变身邮件,道具,道具名称_英-中
Mortal Spin,晶光转转,技能,技能名称_英-中
Mosaic Mail,彩嵌邮件,道具,道具名称_英-中
Mothim,绅士蛾,精灵,精灵名称_英-中
Motor Drive,电气引擎,特性,特性名称_英-中
Mountain Balm,山之镇宝,道具,道具名称_英-中
Mountain Gale,冰山风,技能,技能名称_英-中
Move In,入住,地名,FixedTranslations
Move Universalist,招式大导师,地名,FixedTranslations
Moxie,自信过度,特性,特性名称_英-中
Mr. Briney,哈奇老人,地名,FixedTranslations
Mr. Mime,魔墙人偶,精灵,精灵名称_英-中
Mr. Rime,踏冰人偶,精灵,精灵名称_英-中
Mr. Stone,兹伏奇社长,地名,FixedTranslations
Mt Freeze,冰雪灵峰,地名,FixedTranslations
Mt.?Majesty,威严山,地名,FixedTranslations
Mt.?Ore,矿山,地名,FixedTranslations
Mt.Majesty,威严山,地名,PokemonCommonTranslation
Mt.Ore,矿山,地名,PokemonCommonTranslation
Mud Bomb,泥巴炸弹,技能,技能名称_英-中
Mud Shot,泥巴射击,技能,技能名称_英-中
Mud Sport,玩泥巴,技能,技能名称_英-中
Mud-Slap,掷泥,技能,技能名称_英-中
Mudbray,泥驴仔,精灵,精灵名称_英-中
Muddy Water,浊流,技能,技能名称_英-中
Mudkip,水跃鱼,精灵,精灵名称_英-中
Mudsdale,重泥挽马,精灵,精灵名称_英-中
Muk,臭臭泥,精灵,精灵名称_英-中
Multi-Attack,多属性攻击,技能,技能名称_英-中
Multiscale,多重鳞片,特性,特性名称_英-中
Multitype,多属性,特性,特性名称_英-中
Mummy,木乃伊,特性,特性名称_英-中
Munchlax,小卡比兽,精灵,精灵名称_英-中
Munkidori,愿增猿,精灵名,PokemonCommonTranslation
Munna,食梦梦,精灵,精灵名称_英-中
Murkrow,黑暗鸦,精灵,精灵名称_英-中
Muscle Band,力量头带,道具,道具名称_英-中
Muscle Powder,力量粉,地名,FixedTranslations
Muscle Wing,肌力之羽,道具,道具名称_英-中
Musharna,梦梦蚀,精灵,精灵名称_英-中
Mushroom Cake,菇诱团,道具,道具名称_英-中
Music Mail,音符邮件,道具,道具名称_英-中
Mustard,黄芥末酱,道具,道具名称_英-中
Mycelium Might,菌丝之力,特性,特性名称_英-中
Mysterious Balm,镇宝,道具,道具名称_英-中
Mysterious Shard L,谜之碎片L,道具,道具名称_英-中
Mysterious Shard S,谜之碎片S,道具,道具名称_英-中
Mystery Egg,神奇蛋,道具,道具名称_英-中
MysteryBerry,神奇的果实,道具,道具名称_英-中
Mystic Water,神秘水滴,道具,道具名称_英-中
MysticTicket,神秘船票,道具,道具名称_英-中
Mystical Fire,魔法火焰,技能,技能名称_英-中
Mystical Power,神秘之力,技能,技能名称_英-中
N-Lunarizer,奈克洛露奈合体器,道具,道具名称_英-中
N-Solarizer,奈克洛索尔合体器,道具,道具名称_英-中
NAME:,名字:,菜单,PokemonCommonTranslation
NAVEL ROCK,肚脐岩,地名,FixedTranslations
NEW GAME,新游戏,测试,PokemonCommonTranslation
NEW MAUVILLE,新紫堇,地名,FixedTranslations
NORMAL MODE,正常模式,菜单,PokemonCommonTranslation
NUMBER,数量,菜单,PokemonCommonTranslation
Nacli,盐石宝,精灵,精灵名称_英-中
Naclstack,盐石垒,精灵,精灵名称_英-中
Naganadel,四颚针龙,精灵,精灵名称_英-中
Naive,天真,地名,FixedTranslations
Naive Mint,天真薄荷,道具,道具名称_英-中
Nanab Berry,蕉香果,道具,道具名称_英-中
Nasty Plot,诡计,技能,技能名称_英-中
Natu,天然雀,精灵,精灵名称_英-中
Natural Cure,自然回复,特性,特性名称_英-中
Natural Gift,自然之恩,技能,技能名称_英-中
Nature Power,自然之力,技能,技能名称_英-中
Nature Trail,自然步道,地名,PokemonCommonTranslation
Nature's Madness,自然之怒,技能,PokemonCommonTranslation
Nature?Trail,自然步道,地名,FixedTranslations
Nature’s Madness,自然之怒,技能,技能名称_英-中
Naughty,顽皮,地名,FixedTranslations
Naughty Mint,顽皮薄荷,道具,道具名称_英-中
Necrozma,奈克洛兹玛,精灵,精灵名称_英-中
Needle Arm,尖刺臂,技能,技能名称_英-中
Nest Ball,巢穴球,道具,道具名称_英-中
Net Ball,捕网球,道具,道具名称_英-中
Neuroforce,脑核之力,特性,特性名称_英-中
Neutralizing Gas,化学变化气体,特性,特性名称_英-中
Never-Ending Nightmare,无尽暗夜之诱惑,技能,技能名称_英-中
Never-Melt Ice,不融冰,道具,道具名称_英-中
NeverMeltIce,不融冰,道具,道具名称_英-中
Nevermind,没事,地名,FixedTranslations
Nickit,狡小狐,精灵,精灵名称_英-中
Nidoking,尼多王,精灵,精灵名称_英-中
Nidoqueen,尼多后,精灵,精灵名称_英-中
Nidoran♀,尼多兰,精灵,精灵名称_英-中
Nidoran♂,尼多朗,精灵,精灵名称_英-中
Nidorina,尼多娜,精灵,精灵名称_英-中
Nidorino,尼多力诺,精灵,精灵名称_英-中
Night Daze,暗黑爆破,技能,技能名称_英-中
Night Shade,黑夜魔影,技能,技能名称_英-中
Night Slash,暗袭要害,技能,技能名称_英-中
Nightmare,恶梦,技能,技能名称_英-中
Nihilego,虚吾伊德,精灵,精灵名称_英-中
Nincada,土居忍士,精灵,精灵名称_英-中
Ninetales,九尾,精灵,精灵名称_英-中
Niniku Berry,蒜蒜果,道具,道具名称_英-中
Ninjask,铁面忍者,精灵,精灵名称_英-中
Nita,夜妮,地名,FixedTranslations
No Guard,无防守,特性,特性名称_英-中
No Retreat,背水一战,技能,技能名称_英-中
Noble Roar,战吼,技能,技能名称_英-中
Noctowl,猫头夜鹰,精灵,精灵名称_英-中
Nocturne Forest,夜曲森林,地名,PokemonCommonTranslation
Nocturne?Forest,夜曲森林,地名,FixedTranslations
Noibat,嗡蝠,精灵,精灵名称_英-中
Noivern,音波龙,精灵,精灵名称_英-中
Noland,达拉,地名,FixedTranslations
Nomel Berry,檬柠果,道具,道具名称_英-中
Noodles,面条,道具,道具名称_英-中
Normal,一般,地名,FixedTranslations
Normal BoX,木箱,道具,道具名称_英-中
Normal Gem,一般宝石,道具,道具名称_英-中
Normal Tera Shard,一般太晶碎块,道具,道具名称_英-中
Normalium Z,一般Z,道具,道具名称_英-中
Normalize,一般皮肤,特性,特性名称_英-中
Norman,千里,地名,FixedTranslations
Nosepass,朝北鼻,精灵,精灵名称_英-中
Noxious Torque,剧毒暴冲,技能,技能名称_英-中
Nugget,金珠,道具,道具名称_英-中
Numel,呆火驼,精灵,精灵名称_英-中
Nutpea Berry,泥豆果,道具,道具名称_英-中
Nuzleaf,长鼻叶,精灵,精灵名称_英-中
Nuzzle,蹭蹭脸颊,技能,技能名称_英-中
Nymble,豆蟋蟀,精灵,精灵名称_英-中
OAK,大木,地名,FixedTranslations
OLDALE TOWN,古玫镇,地名,FixedTranslations
ONE ISLAND,1岛,地名,FixedTranslations
OPTION,选项,菜单,PokemonCommonTranslation
OUTCAST ISLAND,外岛,地名,FixedTranslations
OUTCASTS,流放者,地名,FixedTranslations
OW POKÉMON,跟随宝可梦,菜单,PokemonCommonTranslation
Oak's Parcel,大木的信,道具,PokemonCommonTranslation
Oak’s Parcel,大木的信,道具,道具名称_英-中
Oblivion Wing,死亡之翼,技能,技能名称_英-中
Oblivious,迟钝,特性,特性名称_英-中
Obstagoon,堵拦熊,精灵,精灵名称_英-中
Obstruct,拦堵,技能,技能名称_英-中
Occa Berry,巧可果,道具,道具名称_英-中
Oceanic Operetta,海神庄严交响乐,技能,技能名称_英-中
Oceanic Slate,大海石板,道具,道具名称_英-中
Octazooka,章鱼桶炮,技能,技能名称_英-中
Octillery,章鱼桶,精灵,精灵名称_英-中
Octolock,蛸固,技能,技能名称_英-中
Odd Incense,奇异薰香,道具,道具名称_英-中
Odd Keystone,楔石,道具,道具名称_英-中
Oddish,走路草,精灵,精灵名称_英-中
Odor Sleuth,气味侦测,技能,技能名称_英-中
Ogerpon,厄诡椪,精灵名,PokemonCommonTranslation
Oinkologne,飘香豚,精灵,精灵名称_英-中
Okidogi,够赞狗,精灵名,PokemonCommonTranslation
Old Amber,秘密琥珀,道具,道具名称_英-中
Old Charm,古代护符,道具,道具名称_英-中
Old Coin,旧硬币,地名,FixedTranslations
Old Gateau,森之羊羹,道具,道具名称_英-中
Old Journal,古老日记,道具,道具名称_英-中
Old Key,旧钥匙,地名,FixedTranslations
Old Letter,陈旧的信,道具,道具名称_英-中
Old Rod,破旧钓竿,道具,道具名称_英-中
Old Sea Map,古航海图,道具,道具名称_英-中
Old Verse 1,古老诗文1,道具,道具名称_英-中
Old Verse 10,古老诗文10,道具,道具名称_英-中
Old Verse 11,古老诗文11,道具,道具名称_英-中
Old Verse 12,古老诗文12,道具,道具名称_英-中
Old Verse 13,古老诗文13,道具,道具名称_英-中
Old Verse 14,古老诗文14,道具,道具名称_英-中
Old Verse 15,古老诗文15,道具,道具名称_英-中
Old Verse 16,古老诗文16,道具,道具名称_英-中
Old Verse 17,古老诗文17,道具,道具名称_英-中
Old Verse 18,古老诗文18,道具,道具名称_英-中
Old Verse 19,古老诗文19,道具,道具名称_英-中
Old Verse 2,古老诗文2,道具,道具名称_英-中
Old Verse 20,古老诗文20,道具,道具名称_英-中
Old Verse 3,古老诗文3,道具,道具名称_英-中
Old Verse 4,古老诗文4,道具,道具名称_英-中
Old Verse 5,古老诗文5,道具,道具名称_英-中
Old Verse 6,古老诗文6,道具,道具名称_英-中
Old Verse 7,古老诗文7,道具,道具名称_英-中
Old Verse 8,古老诗文8,道具,道具名称_英-中
Old Verse 9,古老诗文9,道具,道具名称_英-中
Olive Oil,橄榄油,道具,道具名称_英-中
Oliver,奥利弗,地名,FixedTranslations
Omanyte,菊石兽,精灵,精灵名称_英-中
Omastar,多刺菊石兽,精灵,精灵名称_英-中
Omen,预兆,地名,FixedTranslations
Ominous Wind,奇异之风,技能,技能名称_英-中
Onion,洋葱片,道具,道具名称_英-中
Onix,大岩蛇,精灵,精灵名称_英-中
Opportunist,跟风,特性,特性名称_英-中
Oracle Woods,神谕森林,地名,PokemonCommonTranslation
Oracle?Woods,神谕森林,地名,FixedTranslations
Oran Berry,橙橙果,道具,道具名称_英-中
Orange Dish,橘色盘子,道具,道具名称_英-中
Orange Mail,橙色邮件,道具,道具名称_英-中
Orange Petal,橙色花瓣,道具,道具名称_英-中
Oranguru,智挥猩,精灵,精灵名称_英-中
Orbeetle,以欧路普,精灵,精灵名称_英-中
Order Up,上菜,技能,技能名称_英-中
Ore Cliffs,矿石悬崖,地名,PokemonCommonTranslation
Ore?Cliffs,矿石悬崖,地名,FixedTranslations
Orichalcum Pulse,绯红脉动,特性,特性名称_英-中
Oricorio,花舞鸟,精灵,精灵名称_英-中
Origin Ball,起源球,道具,道具名称_英-中
Origin Ore,起源矿石,道具,道具名称_英-中
Origin Pulse,根源波动,技能,技能名称_英-中
Orthworm,拖拖蚓,精灵,精灵名称_英-中
Oshawott,水水獭,精灵,精灵名称_英-中
Outrage,逆鳞,技能,技能名称_英-中
Oval Charm,圆形护符,道具,道具名称_英-中
Oval Stone,浑圆之石,道具,道具名称_英-中
Overcoat,防尘,特性,特性名称_英-中
Overdrive,破音,技能,技能名称_英-中
Overgrow,茂盛,特性,特性名称_英-中
Overheat,过热,技能,技能名称_英-中
Overqwil,万针鱼,精灵,精灵名称_英-中
Own Tempo,我行我素,特性,特性名称_英-中
PACIFIDLOG TOWN,暮水镇,地名,FixedTranslations
PALLET TOWN,真新镇,地名,FixedTranslations
PATTERN BUSH,记号树林,地名,FixedTranslations
PETALBURG CITY,橙华市,地名,FixedTranslations
PETALBURG WOODS,橙华森林,地名,FixedTranslations
PEWTER CITY,深灰市,地名,FixedTranslations
POKèMON,宝可梦,地名,FixedTranslations
POKèMON LEAGUE,宝可梦联盟,地名,FixedTranslations
POKèMON MANSION,宝可梦屋,地名,FixedTranslations
POKèMON TOWER,宝可梦塔,地名,FixedTranslations
POKéMON,宝可梦,固定翻译,PokemonCommonTranslation
POWER PLANT,无人发电厂,地名,FixedTranslations
PP MaX,PP极限提升剂,道具,道具名称_英-中
PP Up,PP提升剂,道具,道具名称_英-中
PROF. OAK,大木博士,地名,FixedTranslations
PROFESSIONALS,专家,地名,FixedTranslations
PRZCureBerry,消除麻痹的果实,道具,道具名称_英-中
PSNCureBerry,解毒的果实,道具,道具名称_英-中
Pachirisu,帕奇利兹,精灵,精灵名称_英-中
Packaged Curry,即食咖喱,道具,道具名称_英-中
Packs of Potatoes,袋装土豆,道具,道具名称_英-中
Pain Split,分担痛楚,技能,技能名称_英-中
Pair of Tickets,双人票,道具,道具名称_英-中
Pal Pad,朋友手册,道具,道具名称_英-中
Palafin,海豚侠,精灵,精灵名称_英-中
Palkia,帕路奇亚,精灵,精灵名称_英-中
Palossand,噬沙堡爷,精灵,精灵名称_英-中
Palpitoad,蓝蟾蜍,精灵,精灵名称_英-中
Pamtre Berry,椰木果,道具,道具名称_英-中
Pancham,顽皮熊猫,精灵,精灵名称_英-中
Pangoro,霸道熊猫,精灵,精灵名称_英-中
Panpour,冷水猴,精灵,精灵名称_英-中
Pansage,花椰猴,精灵,精灵名称_英-中
Pansear,爆香猴,精灵,精灵名称_英-中
Parabolic Charge,抛物面充电,技能,技能名称_英-中
Paralyze Heal,解麻药,道具,道具名称_英-中
Paras,派拉斯,精灵,精灵名称_英-中
Parasect,派拉斯特,精灵,精灵名称_英-中
Parasol Pick,阳伞三明治签,道具,道具名称_英-中
Parcel,包裹,道具,道具名称_英-中
Parental Bond,亲子爱,特性,特性名称_英-中
Park Ball,公园球,道具,道具名称_英-中
Parlyz Heal,解麻药,道具,道具名称_英-中
Parting Shot,抛下狠话,技能,技能名称_英-中
Party Sparkler Pick,烟花祝庆三明治签,道具,道具名称_英-中
Pass,车票,道具,道具名称_英-中
Pass Orb,释出之玉,道具,道具名称_英-中
Passho Berry,千香果,道具,道具名称_英-中
Passimian,投掷猴,精灵,精灵名称_英-中
Pasta,通心粉,道具,道具名称_英-中
Pastel Veil,粉彩护幕,特性,特性名称_英-中
Pat,帕特,地名,FixedTranslations
Patrat,探探鼠,精灵,精灵名称_英-中
Pawmi,布拨,精灵,精灵名称_英-中
Pawmo,布土拨,精灵,精灵名称_英-中
Pawmot,巴布土拨,精灵,精灵名称_英-中
Pawniard,驹刀小兵,精灵,精灵名称_英-中
Pay Day,聚宝功,技能,技能名称_英-中
Payapa Berry,福禄果,道具,道具名称_英-中
Payback,以牙还牙,技能,技能名称_英-中
Peach Tablecloth,米色桌巾,道具,道具名称_英-中
Peanut Butter,花生酱,道具,道具名称_英-中
Pearl,珍珠,道具,道具名称_英-中
Pearl String,丸子珍珠,道具,道具名称_英-中
Peat Block,泥炭块,道具,道具名称_英-中
Pecha Berry,桃桃果,道具,道具名称_英-中
Peck,啄,技能,技能名称_英-中
Pelipper,大嘴鸥,精灵,精灵名称_英-中
Pep-Up Plant,PP草,道具,道具名称_英-中
Pepper,胡椒,道具,道具名称_英-中
Perish Body,灭亡之躯,特性,特性名称_英-中
Perish Song,灭亡之歌,技能,技能名称_英-中
Permit,许可证,道具,道具名称_英-中
Perrserker,喵头目,精灵,精灵名称_英-中
Persian,猫老大,精灵,精灵名称_英-中
Persim Berry,柿仔果,道具,道具名称_英-中
Petal Blizzard,落英缤纷,技能,技能名称_英-中
Petal Dance,花瓣舞,技能,技能名称_英-中
Petaya Berry,龙火果,道具,道具名称_英-中
Petilil,百合根娃娃,精灵,精灵名称_英-中
Pewter Crunchies,深灰米果,道具,道具名称_英-中
Phanpy,小小象,精灵,精灵名称_英-中
Phantom Force,潜灵奇袭,技能,技能名称_英-中
Phantump,小木灵,精灵,精灵名称_英-中
Pheromosa,费洛美螂,精灵,精灵名称_英-中
Phione,霏欧纳,精灵,精灵名称_英-中
Phoebe,芙蓉,地名,FixedTranslations
Photo Album,相册,道具,道具名称_英-中
Photon Geyser,光子喷涌,技能,技能名称_英-中
PiXie Plate,妖精石板,道具,道具名称_英-中
Pichu,皮丘,精灵,精灵名称_英-中
Pickle,酸黄瓜片,道具,道具名称_英-中
Pickpocket,顺手牵羊,特性,特性名称_英-中
Pickup,捡拾,特性,特性名称_英-中
Picnic Set,野餐组合,道具,道具名称_英-中
Pidgeot,大比鸟,精灵,精灵名称_英-中
Pidgeotite,大比鸟进化石,道具,道具名称_英-中
Pidgeotto,比比鸟,精灵,精灵名称_英-中
Pidgey,波波,精灵,精灵名称_英-中
Pidove,豆豆鸽,精灵,精灵名称_英-中
Pignite,炒炒猪,精灵,精灵名称_英-中
Pika Papow,闪闪雷光,技能,技能名称_英-中
Pika-Pika Pick,皮卡丘三明治签,道具,道具名称_英-中
Pikachu,皮卡丘,精灵,精灵名称_英-中
Pikachu Cup,皮卡丘水杯,道具,道具名称_英-中
Pikanium Z,皮卡丘Z,道具,道具名称_英-中
Pikashunium Z,智皮卡Z,道具,道具名称_英-中
Pikipek,小笃儿,精灵,精灵名称_英-中
Piloswine,长毛猪,精灵,精灵名称_英-中
Pin Missile,飞弹针,技能,技能名称_英-中
Pinap Berry,凰梨果,道具,道具名称_英-中
Pincurchin,啪嚓海胆,精灵,精灵名称_英-中
Pineapple,凤梨片,道具,道具名称_英-中
Pineco,榛果球,精灵,精灵名称_英-中
Pink Apricorn,粉球果,道具,道具名称_英-中
Pink Bottle,粉红水壶,道具,道具名称_英-中
Pink Bow,粉红色丝带,道具,道具名称_英-中
Pink Cup,粉红水杯,道具,道具名称_英-中
Pink Nectar,桃粉色花蜜,道具,道具名称_英-中
Pink Petal,粉红花瓣,道具,道具名称_英-中
Pink Scarf,粉红头巾,道具,道具名称_英-中
Pink Tablecloth,粉红桌巾,道具,道具名称_英-中
Pinsir,凯罗斯,精灵,精灵名称_英-中
Pinsirite,凯罗斯进化石,道具,道具名称_英-中
Piplup,波加曼,精灵,精灵名称_英-中
Pixilate,妖精皮肤,特性,特性名称_英-中
Plaid Tablecloth (B),蓝色格子桌巾,道具,道具名称_英-中
Plaid Tablecloth (R),红色格子桌巾,道具,道具名称_英-中
Plaid Tablecloth (Y),黄色格子桌巾,道具,道具名称_英-中
Plasma Card,等离子卡,道具,道具名称_英-中
Plasma Fists,等离子闪电拳,技能,技能名称_英-中
Play Nice,和睦相处,技能,技能名称_英-中
Play Rough,嬉闹,技能,技能名称_英-中
Pluck,啄食,技能,技能名称_英-中
Plume Fossil,羽毛化石,道具,道具名称_英-中
Plump Beans,滚滚豆,道具,道具名称_英-中
Plus,正电,特性,特性名称_英-中
Plusle,正电拍拍,精灵,精灵名称_英-中
Poffin Case,宝芬盒,道具,道具名称_英-中
Point Card,点数卡,道具,道具名称_英-中
Poipole,毒贝比,精灵,精灵名称_英-中
Poison,毒,地名,FixedTranslations
Poison Barb,毒针,道具,道具名称_英-中
Poison Fang,剧毒牙,技能,技能名称_英-中
Poison Gas,毒瓦斯,技能,技能名称_英-中
Poison Gem,毒之宝石,道具,道具名称_英-中
Poison Heal,毒疗,特性,特性名称_英-中
Poison Jab,毒击,技能,技能名称_英-中
Poison Memory,毒存储碟,道具,道具名称_英-中
Poison Point,毒刺,特性,特性名称_英-中
Poison Powder,毒粉,技能,技能名称_英-中
Poison Sting,毒针,技能,技能名称_英-中
Poison Tail,毒尾,技能,技能名称_英-中
Poison Tera Shard,毒太晶碎块,道具,道具名称_英-中
Poison Touch,毒手,特性,特性名称_英-中
PoisonPowder,毒粉,技能,技能名称_英-中
Poisonium Z,毒Z,道具,道具名称_英-中
Pokemon,宝可梦,固定翻译,PokemonCommonTranslation
Poké Ball,精灵球,道具,道具名称_英-中
Poké Doll,皮皮玩偶,道具,道具名称_英-中
Poké Flute,宝可梦之笛,道具,道具名称_英-中
Poké Radar,宝可追踪,道具,道具名称_英-中
Poké Toy,宝可尾草,道具,道具名称_英-中
Pokéblock Case,能量方块盒,道具,道具名称_英-中
Pokéblock Kit,宝可方块套装,道具,道具名称_英-中
PokédeX,宝可梦图鉴,道具,道具名称_英-中
Pokémon BoX,宝可梦盒,道具,道具名称_英-中
Pokémon Candy,宝可梦的糖果,道具,道具名称_英-中
Pokéshi Doll,宝可梦木娃娃,道具,道具名称_英-中
Polar Pillar,极地之柱,地名,FixedTranslations
Polished Mud Ball,光滑泥球,道具,道具名称_英-中
Politoed,蚊香蛙皇,精灵,精灵名称_英-中
Poliwag,蚊香蝌蚪,精灵,精灵名称_英-中
Poliwhirl,蚊香君,精灵,精灵名称_英-中
Poliwrath,蚊香泳士,精灵,精灵名称_英-中
Polka-Dot Bottle,圆点水壶,道具,道具名称_英-中
Polka-Dot Cup,圆点水杯,道具,道具名称_英-中
Polka-Dot Tablecloth,圆点桌巾,道具,道具名称_英-中
Polkadot Bow,水玉色之带,道具,道具名称_英-中
Pollen Puff,花粉团,技能,技能名称_英-中
Poltchageist,斯魔茶,精灵名,PokemonCommonTranslation
Polteageist,怖思壶,精灵,精灵名称_英-中
Poltergeist,灵骚,技能,技能名称_英-中
Pomeg Berry,榴石果,道具,道具名称_英-中
Ponyta,小火马,精灵,精灵名称_英-中
Poochyena,土狼犬,精灵,精灵名称_英-中
Pop Pod,惊声藻,道具,道具名称_英-中
Popplio,球球海狮,精灵,精灵名称_英-中
Population Bomb,鼠数儿,技能,技能名称_英-中
Portraitmail,肖像邮件,道具,道具名称_英-中
Porygon,多边兽,精灵,精灵名称_英-中
Porygon-Z,多边兽乙型,精灵,精灵名称_英-中
Porygon2,多边兽2型,精灵,精灵名称_英-中
Poseiphion Beach,波塞菲恩海滩,地名,PokemonCommonTranslation
Poseiphion?Beach,波塞菲恩海滩,地名,FixedTranslations
Potato Salad,土豆沙拉,道具,道具名称_英-中
Potato Tortilla,烘蛋,道具,道具名称_英-中
Potion,伤药,道具,道具名称_英-中
Pounce,虫扑,技能,技能名称_英-中
Pound,拍击,技能,技能名称_英-中
Powder,粉尘,技能,技能名称_英-中
Powder Jar,粉末收集瓶,道具,道具名称_英-中
Powder Snow,细雪,技能,技能名称_英-中
Power Anklet,力量护踝,道具,道具名称_英-中
Power Band,力量束带,道具,道具名称_英-中
Power Belt,力量腰带,道具,道具名称_英-中
Power Bracer,力量护腕,道具,道具名称_英-中
Power Construct,群聚变形,特性,特性名称_英-中
Power Gem,力量宝石,技能,技能名称_英-中
Power Herb,强力香草,道具,道具名称_英-中
Power Lens,力量镜,道具,道具名称_英-中
Power Plant Pass,发电厂通行证,道具,道具名称_英-中
Power Shift,力量转换,技能,技能名称_英-中
Power Split,力量平分,技能,技能名称_英-中
Power Spot,能量点,特性,特性名称_英-中
Power Swap,力量互换,技能,技能名称_英-中
Power Trick,力量戏法,技能,技能名称_英-中
Power Trip,嚣张,技能,技能名称_英-中
Power Weight,力量负重,道具,道具名称_英-中
Power Whip,强力鞭打,技能,技能名称_英-中
Power of Alchemy,化学之力,特性,特性名称_英-中
Power-Up Pocket,强化口袋,道具,道具名称_英-中
Power-Up Punch,增强拳,技能,技能名称_英-中
Prankster,恶作剧之心,特性,特性名称_英-中
Precipice Blades,断崖之剑,技能,技能名称_英-中
Precooked Burgers,即食肉排,道具,道具名称_英-中
Premier Ball,纪念球,道具,道具名称_英-中
Present,礼物,技能,技能名称_英-中
Pressure,压迫感,特性,特性名称_英-中
Pretty Wing,美丽之羽,道具,道具名称_英-中
Primarina,西狮海壬,精灵,精灵名称_英-中
Primarium Z,西狮海壬Z,道具,道具名称_英-中
Primeape,火暴猴,精灵,精灵名称_英-中
Primordial Sea,始源之海,特性,特性名称_英-中
Prinplup,波皇子,精灵,精灵名称_英-中
Prism Armor,棱镜装甲,特性,特性名称_英-中
Prism Scale,美丽鳞片,道具,道具名称_英-中
Prismatic Laser,棱镜镭射,技能,技能名称_英-中
Prison Bottle,惩戒之壶,道具,道具名称_英-中
Probopass,大朝北鼻,精灵,精灵名称_英-中
Prof's Letter,博士的信,道具,PokemonCommonTranslation
Professor Birch,小田卷博士,地名,FixedTranslations
Professor's Mask,博士的面罩,道具,PokemonCommonTranslation
Professor’s Mask,博士的面罩,道具,道具名称_英-中
Prof’s Letter,博士的信,道具,道具名称_英-中
Prop Case,物品箱,道具,道具名称_英-中
Propeller Tail,螺旋尾鳍,特性,特性名称_英-中
Prosciutto,生火腿,道具,道具名称_英-中
Protean,变幻自如,特性,特性名称_英-中
Protect,守住,技能,技能名称_英-中
Protective Pads,部位护具,道具,道具名称_英-中
Protector,护具,道具,道具名称_英-中
Protein,攻击增强剂,道具,道具名称_英-中
Protosynthesis,古代活性,特性,特性名称_英-中
Psybeam,幻象光线,技能,技能名称_英-中
Psych Up,自我暗示,技能,技能名称_英-中
Psychic,精神强念,技能,技能名称_英-中
Psychic Fangs,精神之牙,技能,技能名称_英-中
Psychic Gem,超能力宝石,道具,道具名称_英-中
Psychic Memory,精神存储碟,道具,道具名称_英-中
Psychic Seed,精神种子,道具,道具名称_英-中
Psychic Surge,精神制造者,特性,特性名称_英-中
Psychic Tera Shard,超能力太晶碎块,道具,道具名称_英-中
Psychic Terrain,精神场地,技能,技能名称_英-中
Psychium Z,超能力Z,道具,道具名称_英-中
Psycho Boost,精神突进,技能,技能名称_英-中
Psycho Cut,精神利刃,技能,技能名称_英-中
Psycho Shift,精神转移,技能,技能名称_英-中
Psyduck,可达鸭,精灵,精灵名称_英-中
Psyshield Bash,屏障猛攻,技能,技能名称_英-中
Psyshock,精神冲击,技能,技能名称_英-中
Psystrike,精神击破,技能,技能名称_英-中
Psywave,精神波,技能,技能名称_英-中
Pulverizing Pancake,认真起来大爆击,技能,技能名称_英-中
Pumkin Berry,瓜南果,道具,道具名称_英-中
Pumpkaboo,南瓜精,精灵,精灵名称_英-中
Punching Glove,拳击手套,道具,道具名称_英-中
Pungent Roots,水边香草,道具,道具名称_英-中
Punishment,惩罚,技能,技能名称_英-中
Punk Rock,庞克摇滚,特性,特性名称_英-中
Pupitar,沙基拉斯,精灵,精灵名称_英-中
Pure Incense,洁净薰香,道具,道具名称_英-中
Pure Power,瑜伽之力,特性,特性名称_英-中
Purify,净化,技能,技能名称_英-中
Purifying Salt,洁净之盐,特性,特性名称_英-中
Purple Nectar,兰紫色花蜜,道具,道具名称_英-中
Purple Petal,紫色花瓣,道具,道具名称_英-中
Purrloin,扒手猫,精灵,精灵名称_英-中
Pursuit,追打,技能,技能名称_英-中
Purugly,东施喵,精灵,精灵名称_英-中
Pyro Ball,火焰球,技能,技能名称_英-中
Pyroar,火炎狮,精灵,精灵名称_英-中
Pyukumuku,拳海参,精灵,精灵名称_英-中
QUESTS,任务,菜单,PokemonCommonTranslation
Quagsire,沼王,精灵,精灵名称_英-中
Qualot Berry,比巴果,道具,道具名称_英-中
Quaquaval,狂欢浪舞鸭,精灵,精灵名称_英-中
Quark Drive,夸克充能,特性,特性名称_英-中
Quash,延后,技能,技能名称_英-中
Quaxly,润水鸭,精灵,精灵名称_英-中
Quaxwell,涌跃鸭,精灵,精灵名称_英-中
Queenly Majesty,女王的威严,特性,特性名称_英-中
Quick Attack,电光一闪,技能,技能名称_英-中
Quick Ball,先机球,道具,道具名称_英-中
Quick Candy,敏捷糖果,道具,道具名称_英-中
Quick Candy L,敏捷糖果L,道具,道具名称_英-中
Quick Candy XL,敏捷糖果XL,道具,道具名称_英-中
Quick Claw,先制之爪,道具,道具名称_英-中
Quick Draw,速击,特性,特性名称_英-中
Quick Feet,飞毛腿,特性,特性名称_英-中
Quick Guard,快速防守,技能,技能名称_英-中
Quick Powder,速度粉,道具,道具名称_英-中
Quiet,冷静,地名,FixedTranslations
Quiet Mint,冷静薄荷,道具,道具名称_英-中
Quilava,火岩鼠,精灵,精灵名称_英-中
Quilladin,胖胖哈力,精灵,精灵名称_英-中
Quirky,浮躁,地名,FixedTranslations
Quiver Dance,蝶舞,技能,技能名称_英-中
Qwilfish,千针鱼,精灵,精灵名称_英-中
RANDOM,随机,菜单,PokemonCommonTranslation
RESORT GORGEOUS,高级度假村,地名,FixedTranslations
RIBBON,缎带,固定翻译,PokemonCommonTranslation
RIXY CHAMBER,阿努泽石室,地名,FixedTranslations
RKS System,AR系统,特性,特性名称_英-中
ROCK TUNNEL,岩山隧道,地名,FixedTranslations
ROCKET HIDEOUT,火箭队基地,地名,FixedTranslations
ROCKET WAREHOUSE,火箭队仓库,地名,FixedTranslations
ROUTE 1,1号道路,地名,FixedTranslations
ROUTE 10,10号道路,地名,FixedTranslations
ROUTE 101,101号道路,地名,FixedTranslations
ROUTE 102,102号道路,地名,FixedTranslations
ROUTE 103,103号道路,地名,FixedTranslations
ROUTE 104,104号道路,地名,FixedTranslations
ROUTE 105,105号道路,地名,FixedTranslations
ROUTE 106,106号道路,地名,FixedTranslations
ROUTE 107,107号道路,地名,FixedTranslations
ROUTE 108,108号道路,地名,FixedTranslations
ROUTE 109,109号道路,地名,FixedTranslations
ROUTE 11,11号道路,地名,FixedTranslations
ROUTE 110,110号道路,地名,FixedTranslations
ROUTE 111,111号道路,地名,FixedTranslations
ROUTE 112,112号道路,地名,FixedTranslations
ROUTE 113,113号道路,地名,FixedTranslations
ROUTE 114,114号道路,地名,FixedTranslations
ROUTE 115,115号道路,地名,FixedTranslations
ROUTE 116,116号道路,地名,FixedTranslations
ROUTE 117,117号道路,地名,FixedTranslations
ROUTE 118,118号道路,地名,FixedTranslations
ROUTE 119,119号道路,地名,FixedTranslations
ROUTE 12,12号道路,地名,FixedTranslations
ROUTE 120,120号道路,地名,FixedTranslations
ROUTE 121,121号道路,地名,FixedTranslations
ROUTE 122,122号道路,地名,FixedTranslations
ROUTE 123,123号道路,地名,FixedTranslations
ROUTE 124,124号道路,地名,FixedTranslations
ROUTE 125,125号道路,地名,FixedTranslations
ROUTE 126,126号道路,地名,FixedTranslations
ROUTE 127,127号道路,地名,FixedTranslations
ROUTE 128,128号道路,地名,FixedTranslations
ROUTE 129,129号道路,地名,FixedTranslations
ROUTE 13,13号道路,地名,FixedTranslations
ROUTE 130,130号道路,地名,FixedTranslations
ROUTE 131,131号道路,地名,FixedTranslations
ROUTE 132,132号道路,地名,FixedTranslations
ROUTE 133,133号道路,地名,FixedTranslations
ROUTE 134,134号道路,地名,FixedTranslations
ROUTE 14,14号道路,地名,FixedTranslations
ROUTE 15,15号道路,地名,FixedTranslations
ROUTE 16,16号道路,地名,FixedTranslations
ROUTE 17,17号道路,地名,FixedTranslations
ROUTE 18,18号道路,地名,FixedTranslations
ROUTE 19,19号水道,地名,FixedTranslations
ROUTE 2,2号道路,地名,FixedTranslations
ROUTE 20,20号水道,地名,FixedTranslations
ROUTE 21,21号水道,地名,FixedTranslations
ROUTE 22,22号道路,地名,FixedTranslations
ROUTE 23,23号道路,地名,FixedTranslations
ROUTE 24,24号道路,地名,FixedTranslations
ROUTE 25,25号道路,地名,FixedTranslations
ROUTE 3,3号道路,地名,FixedTranslations
ROUTE 4,4号道路,地名,FixedTranslations
ROUTE 5,5号道路,地名,FixedTranslations
ROUTE 6,6号道路,地名,FixedTranslations
ROUTE 7,7号道路,地名,FixedTranslations
ROUTE 8,8号道路,地名,FixedTranslations
ROUTE 9,9号道路,地名,FixedTranslations
RSVP Mail,邀请邮件,道具,道具名称_英-中
RUIN VALLEY,遗迹山谷,地名,FixedTranslations
RUSTBORO CITY,卡那兹市,地名,FixedTranslations
RUSTURF TUNNEL,卡绿隧道,地名,FixedTranslations
Raboot,腾蹴小将,精灵,精灵名称_英-中
Rabsca,虫甲圣,精灵,精灵名称_英-中
Rabuta Berry,茸丹果,道具,道具名称_英-中
Radiant Petal,光辉花瓣,道具,道具名称_英-中
Raff,拉夫,地名,FixedTranslations
Rage,愤怒,技能,技能名称_英-中
Rage Candy Bar,愤怒馒头,道具,道具名称_英-中
Rage Fist,愤怒之拳,技能,技能名称_英-中
Rage Powder,愤怒粉,技能,技能名称_英-中
Raging Bolt,猛雷鼓,精灵名,PokemonCommonTranslation
Raging Bull,怒牛,技能,技能名称_英-中
Raging Fury,大愤慨,技能,技能名称_英-中
Raichu,雷丘,精灵,精灵名称_英-中
Raikou,雷公,精灵,精灵名称_英-中
Rain Dance,求雨,技能,技能名称_英-中
Rain Dish,雨盘,特性,特性名称_英-中
Rainbow Flower,虹色之花,道具,道具名称_英-中
Rainbow Pass,七岛通行证,道具,道具名称_英-中
Rainbow Slate,彩虹石板,道具,道具名称_英-中
Rainbow Wing,虹色之羽,道具,道具名称_英-中
RainbowBadge,彩虹徽章,道具,道具名称_英-中
Ralts,拉鲁拉丝,精灵,精灵名称_英-中
Rampardos,战槌龙,精灵,精灵名称_英-中
Rapid Spin,高速旋转,技能,技能名称_英-中
Rapidash,烈焰马,精灵,精灵名称_英-中
Rare,稀有,地名,FixedTranslations
Rare Bone,贵重骨头,道具,道具名称_英-中
Rare Candy,神奇糖果,道具,道具名称_英-中
Rash,马虎,地名,FixedTranslations
Rash Mint,马虎薄荷,道具,道具名称_英-中
Raticate,拉达,精灵,精灵名称_英-中
Rattata,小拉达,精灵,精灵名称_英-中
Rattled,胆怯,特性,特性名称_英-中
Rawst Berry,莓莓果,道具,道具名称_英-中
Rayquaza,烈空坐,精灵,精灵名称_英-中
Razor Claw,锐利之爪,道具,道具名称_英-中
Razor Fang,锐利之牙,道具,道具名称_英-中
Razor Leaf,飞叶快刀,技能,技能名称_英-中
Razor Shell,贝壳刃,技能,技能名称_英-中
Razor Wind,旋风刀,技能,技能名称_英-中
Razz Berry,蔓莓果,道具,道具名称_英-中
Reagent Pouch,试剂袋,地名,FixedTranslations
Reaper Cloth,灵界之布,道具,道具名称_英-中
Receiver,接球手,特性,特性名称_英-中
Recipe Book,食谱书,地名,FixedTranslations
Reckless,舍身,特性,特性名称_英-中
Recover,自我再生,技能,技能名称_英-中
Recruit,召回,地名,FixedTranslations
Recycle,回收利用,技能,技能名称_英-中
Red,火红,地名,FixedTranslations
Red Apricorn,红球果,道具,道具名称_英-中
Red Bell Pepper,红椒片,道具,道具名称_英-中
Red Card,红牌,道具,道具名称_英-中
Red Chain,红色锁链,道具,道具名称_英-中
Red Dish,红色盘子,道具,道具名称_英-中
Red Flute,红色玻璃哨,道具,道具名称_英-中
Red Nectar,朱红色花蜜,道具,道具名称_英-中
Red Onion,红洋葱,道具,道具名称_英-中
Red Orb,朱红色宝珠,道具,道具名称_英-中
Red Petal,红色花瓣,道具,道具名称_英-中
Red Poké Ball Pick,红珠珠三明治签,道具,道具名称_英-中
Red Scale,红色鳞片,道具,道具名称_英-中
Red Scarf,红色头巾,道具,道具名称_英-中
Red Shard,红色碎片,道具,道具名称_英-中
Red-Flag Pick,红旗子三明治签,道具,道具名称_英-中
Reflect,反射壁,技能,技能名称_英-中
Reflect Type,镜面属性,技能,技能名称_英-中
Refresh,焕然一新,技能,技能名称_英-中
Refrigerate,冰冻皮肤,特性,特性名称_英-中
Regenerator,再生力,特性,特性名称_英-中
Regice,雷吉艾斯,精灵,精灵名称_英-中
Regidrago,雷吉铎拉戈,精灵,精灵名称_英-中
Regieleki,雷吉艾勒奇,精灵,精灵名称_英-中
Regigigas,雷吉奇卡斯,精灵,精灵名称_英-中
Regirock,雷吉洛克,精灵,精灵名称_英-中
Registeel,雷吉斯奇鲁,精灵,精灵名称_英-中
Reins of Unity,牵绊缰绳,道具,道具名称_英-中
RelaXed Mint,悠闲薄荷,道具,道具名称_英-中
Relaxed,悠闲,地名,FixedTranslations
Relic Band,古代手镯,道具,道具名称_英-中
Relic Copper,古代铜币,道具,道具名称_英-中
Relic Crown,古代王冠,道具,道具名称_英-中
Relic Gold,古代金币,道具,道具名称_英-中
Relic Silver,古代银币,道具,道具名称_英-中
Relic Song,古老之歌,技能,技能名称_英-中
Relic Statue,古代石像,道具,道具名称_英-中
Relic Vase,古代之壶,道具,道具名称_英-中
Relicanth,古空棘鱼,精灵,精灵名称_英-中
Rellor,虫滚泥,精灵,精灵名称_英-中
Remedy,中药,道具,道具名称_英-中
Remoraid,铁炮鱼,精灵,精灵名称_英-中
Repeat Ball,重复球,道具,道具名称_英-中
Repel,除虫喷雾,道具,道具名称_英-中
Reply Mail,回复邮件,道具,道具名称_英-中
Research Lab,研究实验室,地名,PokemonCommonTranslation
Research?Lab,研究实验室,地名,FixedTranslations
Reshiram,莱希拉姆,精灵,精灵名称_英-中
Resist Powder,抵抗粉,地名,FixedTranslations
Resist Wing,抵抗之羽,道具,道具名称_英-中
Rest,睡觉,技能,技能名称_英-中
Retaliate,报仇,技能,技能名称_英-中
Retro Mail,复古邮件,道具,道具名称_英-中
Return,报恩,技能,技能名称_英-中
Reuniclus,人造细胞卵,精灵,精灵名称_英-中
Revavroom,普隆隆姆,精灵,精灵名称_英-中
Reveal Glass,现形镜,道具,道具名称_英-中
Revelation Dance,觉醒之舞,技能,技能名称_英-中
Revenge,报复,技能,技能名称_英-中
Reversal,起死回生,技能,技能名称_英-中
Revital Ice,活力冰,地名,FixedTranslations
Revival Blessing,复生祈祷,技能,技能名称_英-中
Revival Herb,复活草,道具,道具名称_英-中
Revive,活力碎片,道具,道具名称_英-中
Rhydon,钻角犀兽,精灵,精灵名称_英-中
Rhyhorn,独角犀牛,精灵,精灵名称_英-中
Rhyperior,超甲狂犀,精灵,精灵名称_英-中
Ribbon Sweet,蝴蝶结糖饰,道具,道具名称_英-中
Ribombee,蝶结萌虻,精灵,精灵名称_英-中
Rice,米饭,道具,道具名称_英-中
Rich Mulch,硕果肥,道具,道具名称_英-中
Ride Pager,骑行装置,道具,道具名称_英-中
Rillaboom,轰擂金刚猩,精灵,精灵名称_英-中
Rindo Berry,罗子果,道具,道具名称_英-中
Ring Target,标靶,道具,道具名称_英-中
Riolu,利欧路,精灵,精灵名称_英-中
Ripen,熟成,特性,特性名称_英-中
Rising Voltage,电力上升,技能,技能名称_英-中
Rivalry,斗争心,特性,特性名称_英-中
Rm. 1 Key,1号客房的钥匙,道具,道具名称_英-中
Rm. 2 Key,2号客房的钥匙,道具,道具名称_英-中
Rm. 4 Key,4号客房的钥匙,道具,道具名称_英-中
Rm. 6 Key,6号客房的钥匙,道具,道具名称_英-中
Roar,吼叫,技能,技能名称_英-中
Roar of Time,时光咆哮,技能,技能名称_英-中
Roaring Moon,轰鸣月,精灵,精灵名称_英-中
RoarngMoon,轰鸣月,精灵名,PokemonCommonTranslation
Rock,岩石,地名,FixedTranslations
Rock Blast,岩石爆击,技能,技能名称_英-中
Rock Climb,攀岩,技能,技能名称_英-中
Rock Gem,岩石宝石,道具,道具名称_英-中
Rock Head,坚硬脑袋,特性,特性名称_英-中
Rock Incense,岩石薰香,道具,道具名称_英-中
Rock Memory,岩石存储碟,道具,道具名称_英-中
Rock Polish,岩石打磨,技能,技能名称_英-中
Rock Slide,岩崩,技能,技能名称_英-中
Rock Smash,碎岩,技能,技能名称_英-中
Rock Tera Shard,岩石太晶碎块,道具,道具名称_英-中
Rock Throw,落石,技能,技能名称_英-中
Rock Tomb,岩石封锁,技能,技能名称_英-中
Rock Wrecker,岩石炮,技能,技能名称_英-中
Rockium Z,岩石Z,道具,道具名称_英-中
Rockruff,岩狗狗,精灵,精灵名称_英-中
Rocky,洛奇,地名,FixedTranslations
Rocky Helmet,凸凸头盔,道具,道具名称_英-中
Rocky Payload,搬岩,特性,特性名称_英-中
Roggenrola,石丸子,精灵,精灵名称_英-中
Role Play,扮演,技能,技能名称_英-中
Roller Skates,轮滑鞋,道具,道具名称_英-中
Rolling Kick,回旋踢,技能,技能名称_英-中
Rollout,滚动,技能,技能名称_英-中
Rolycoly,小炭仔,精灵,精灵名称_英-中
Rookidee,稚山雀,精灵,精灵名称_英-中
Room Service,客房服务,道具,道具名称_英-中
Roost,羽栖,技能,技能名称_英-中
Root Fossil,根状化石,道具,道具名称_英-中
Rose Incense,花朵薰香,道具,道具名称_英-中
Roseli Berry,洛玫果,道具,道具名称_英-中
Roselia,毒蔷薇,精灵,精灵名称_英-中
Roserade,罗丝雷朵,精灵,精灵名称_英-中
Rosewood Gardens,红木花园,地名,PokemonCommonTranslation
Rosewood Grove,红木林,地名,PokemonCommonTranslation
Rosewood?Gardens,红木花园,地名,FixedTranslations
Rosewood?Grove,红木林,地名,FixedTranslations
Ross,罗斯,地名,FixedTranslations
Roto Bargain,优惠碰碰,道具,道具名称_英-中
Roto Boost,加油碰碰,道具,道具名称_英-中
Roto Catch,捕捉碰碰,道具,道具名称_英-中
Roto EXp. Points,经验碰碰,道具,道具名称_英-中
Roto Encounter,相遇碰碰,道具,道具名称_英-中
Roto Friendship,亲密碰碰,道具,道具名称_英-中
Roto HP Restore,HP回复碰碰,道具,道具名称_英-中
Roto Hatch,孵蛋碰碰,道具,道具名称_英-中
Roto PP Restore,PP回复碰碰,道具,道具名称_英-中
Roto Prize Money,零花钱碰碰,道具,道具名称_英-中
Roto Stealth,隐身碰碰,道具,道具名称_英-中
Rotom,洛托姆,精灵,精灵名称_英-中
Rotom Bike,洛托姆自行车,道具,道具名称_英-中
Rotom Catalog,洛托姆型录,道具,道具名称_英-中
Rotom Phone,手机洛托姆,道具,道具名称_英-中
Rototiller,耕地,技能,技能名称_英-中
Rough Skin,粗糙皮肤,特性,特性名称_英-中
Round,轮唱,技能,技能名称_英-中
Rowap Berry,雾莲果,道具,道具名称_英-中
Rowlet,木木枭,精灵,精灵名称_英-中
Roxanne,杜娟,地名,FixedTranslations
Ruby,红宝石,道具,道具名称_英-中
Rufflet,毛头小鹰,精灵,精灵名称_英-中
Ruination,大灾难,技能,技能名称_英-中
Rule Book,规则书,道具,道具名称_英-中
Run Away,逃跑,特性,特性名称_英-中
Runerigus,迭失板,精灵,精灵名称_英-中
Rusted Shield,腐朽的盾,道具,道具名称_英-中
Rusted Sword,腐朽的剑,道具,道具名称_英-中
Ruth,露丝,地名,FixedTranslations
S.S. ANNE,圣特安努号,地名,FixedTranslations
S.S. Ticket,船票,道具,道具名称_英-中
S.S.ANNE,圣特安努号,地名,PokemonCommonTranslation
SAFARI ZONE,狩猎地带,地名,FixedTranslations
SAFFRON CITY,金黄市,地名,FixedTranslations
SAVE,保存,菜单,PokemonCommonTranslation
SCORCHED SLAB,天旱石窟,地名,FixedTranslations
SCUFIB CHAMBER,科斗石室,地名,FixedTranslations
SEAFLOOR CAVERN,海底洞窟,地名,FixedTranslations
SEAFOAM ISLANDS,双子岛,地名,FixedTranslations
SEALED CHAMBER,布告石室,地名,FixedTranslations
SECRET BASE,秘密基地,地名,FixedTranslations
SEVAULT CANYON,七宝溪谷,地名,FixedTranslations
SEVEN ISLAND,7岛,地名,FixedTranslations
SEVII ISLE 22,22号七之岛,地名,FixedTranslations
SEVII ISLE 23,23号七之岛,地名,FixedTranslations
SEVII ISLE 24,24号七之岛,地名,FixedTranslations
SEVII ISLE 6,6号七之岛,地名,FixedTranslations
SEVII ISLE 7,7号七之岛,地名,FixedTranslations
SEVII ISLE 8,8号七之岛,地名,FixedTranslations
SEVII ISLE 9,9号七之岛,地名,FixedTranslations
SHELLY,阿泉,地名,FixedTranslations
SHOAL CAVE,浅滩洞穴,地名,FixedTranslations
SILPH CO.,西尔佛公司,地名,FixedTranslations
SIX ISLAND,6岛,地名,FixedTranslations
SKY PILLAR,天空之柱,地名,FixedTranslations
SLATEPORT CITY,凯那市,地名,FixedTranslations
SLOW,慢,菜单,PokemonCommonTranslation
SNOWY SHORE,下雪海岸,地名,FixedTranslations
SOOTOPOLIS CITY,琉璃市,地名,FixedTranslations
SOUND,声音,菜单,PokemonCommonTranslation
SOUTHERN ISLAND,南方孤岛,地名,FixedTranslations
SP. Atk,特攻,地名,FixedTranslations
SP. Attack,特攻,地名,FixedTranslations
SP. Def,特防,地名,FixedTranslations
SP. Defence,特防,地名,FixedTranslations
SP.Attack,特攻,固定翻译,PokemonCommonTranslation
SP.Defence,特防,固定翻译,PokemonCommonTranslation
SPA,特攻,地名,FixedTranslations
SPEED,速度,地名,FixedTranslations
Sablenite,勾魂眼进化石,道具,道具名称_英-中
Sableye,勾魂眼,精灵,精灵名称_英-中
Sachet,香袋,道具,道具名称_英-中
Sacred Ash,圣灰,道具,道具名称_英-中
Sacred Fire,神圣之火,技能,技能名称_英-中
Sacred Sword,圣剑,技能,技能名称_英-中
Safari Ball,狩猎球,道具,道具名称_英-中
Safeguard,神秘守护,技能,技能名称_英-中
Safety Goggles,防尘护目镜,道具,道具名称_英-中
Sail Fossil,鳍之化石,道具,道具名称_英-中
Salac Berry,沙鳞果,道具,道具名称_英-中
Salad,沙拉,地名,FixedTranslations
Salad MiXes,袋装蔬菜,道具,道具名称_英-中
Salamence,暴飞龙,精灵,精灵名称_英-中
Salamencite,暴飞龙进化石,道具,道具名称_英-中
Salandit,夜盗火蜥,精灵,精灵名称_英-中
Salazzle,焰后蜥,精灵,精灵名称_英-中
Salt,盐,道具,道具名称_英-中
Salt Cake,矿诱团,道具,道具名称_英-中
Salt Cure,盐腌,技能,技能名称_英-中
Salty Herba Mystica,秘传：咸味料,道具,道具名称_英-中
Samurott,大剑鬼,精灵,精灵名称_英-中
Sand Attack,泼沙,技能,技能名称_英-中
Sand Force,沙之力,特性,特性名称_英-中
Sand Radish,沙滩萝卜,道具,道具名称_英-中
Sand Rush,拨沙,特性,特性名称_英-中
Sand Spit,吐沙,特性,特性名称_英-中
Sand Stream,扬沙,特性,特性名称_英-中
Sand Tomb,流沙地狱,技能,技能名称_英-中
Sand Veil,沙隐,特性,特性名称_英-中
Sand-Attack,泼沙,技能,技能名称_英-中
Sandaconda,沙螺蟒,精灵,精灵名称_英-中
Sandile,黑眼鳄,精灵,精灵名称_英-中
Sandsear Storm,热沙风暴,技能,技能名称_英-中
Sandshrew,穿山鼠,精灵,精灵名称_英-中
Sandslash,穿山王,精灵,精灵名称_英-中
Sandstorm,沙暴,技能,技能名称_英-中
Sandwich,三明治,道具,道具名称_英-中
Sandy Shocks,沙铁皮,精灵,精灵名称_英-中
SandyShock,沙铁皮,精灵名,PokemonCommonTranslation
Sandygast,沙丘娃,精灵,精灵名称_英-中
Sap Sipper,食草,特性,特性名称_英-中
Sapphire,蓝宝石,道具,道具名称_英-中
Sappy Seed,茁茁轰炸,技能,技能名称_英-中
Sassy,自大,地名,FixedTranslations
Sassy Mint,自大薄荷,道具,道具名称_英-中
Sausages,粗绞肉香肠,道具,道具名称_英-中
Savage Spin-Out,绝对捕食回旋斩,技能,技能名称_英-中
Savanna Melon,草原甜瓜,地名,FixedTranslations
Sawk,打击鬼,精灵,精灵名称_英-中
Sawsbuck,萌芽鹿,精灵,精灵名称_英-中
Scald,热水,技能,技能名称_英-中
Scale Shot,鳞射,技能,技能名称_英-中
Scanner,探测器,道具,道具名称_英-中
Scarlet Book,朱之书,道具,道具名称_英-中
Scarlett,斯嘉丽,地名,FixedTranslations
Scary Face,鬼面,技能,技能名称_英-中
Scatter Bang,声弹,道具,道具名称_英-中
Scatterbug,粉蝶虫,精灵,精灵名称_英-中
Sceptile,蜥蜴王,精灵,精灵名称_英-中
Sceptilite,蜥蜴王进化石,道具,道具名称_英-中
Schooling,鱼群,特性,特性名称_英-中
Scizor,巨钳螳螂,精灵,精灵名称_英-中
Scizorite,巨钳螳螂进化石,道具,道具名称_英-中
Scolipede,蜈蚣王,精灵,精灵名称_英-中
Scope Lens,焦点镜,道具,道具名称_英-中
Scorbunny,炎兔儿,精灵,精灵名称_英-中
Scorching Sands,热沙大地,技能,技能名称_英-中
Scott,亚希达,地名,FixedTranslations
Scovillain,狠辣椒,精灵,精灵名称_英-中
Scrafty,头巾混混,精灵,精灵名称_英-中
Scraggy,滑滑小子,精灵,精灵名称_英-中
Scrappy,胆量,特性,特性名称_英-中
Scratch,利爪,技能,技能名称_英-中
Scream Tail,吼叫尾,精灵,精灵名称_英-中
ScreamTail,吼叫尾,精灵名,PokemonCommonTranslation
Screech,刺耳声,技能,技能名称_英-中
Screen Cleaner,除障,特性,特性名称_英-中
Scroll of Darkness,恶之挂轴,道具,道具名称_英-中
Scroll of Waters,水之挂轴,道具,道具名称_英-中
Scyther,飞天螳螂,精灵,精灵名称_英-中
Sea Incense,海潮薰香,道具,道具名称_英-中
Seadra,海刺龙,精灵,精灵名称_英-中
Seaking,金鱼王,精灵,精灵名称_英-中
Seal Bag,贴纸袋,道具,道具名称_英-中
Seal Case,贴纸盒,道具,道具名称_英-中
Sealeo,海魔狮,精灵,精灵名称_英-中
Searing Shot,火焰弹,技能,技能名称_英-中
Searing Sunraze Smash,日光回旋下苍穹,技能,技能名称_英-中
Seaside Almond,海滨杏仁,地名,FixedTranslations
Seb,塞布,地名,FixedTranslations
Secret Key,秘密钥匙,道具,道具名称_英-中
Secret Potion,秘传之药,道具,道具名称_英-中
Secret Power,秘密之力,技能,技能名称_英-中
Secret Sword,神秘之剑,技能,技能名称_英-中
Seed Bomb,种子炸弹,技能,技能名称_英-中
Seed Flare,种子闪光,技能,技能名称_英-中
Seed Sower,掉出种子,特性,特性名称_英-中
Seed of Mastery,精通种子,道具,道具名称_英-中
Seedot,橡实果,精灵,精灵名称_英-中
Seel,小海狮,精灵,精灵名称_英-中
Seismic Toss,地球上投,技能,技能名称_英-中
Seismitoad,蟾蜍王,精灵,精灵名称_英-中
Self-Destruct,自爆,技能,技能名称_英-中
SelfDestruct,自爆,技能,技能名称_英-中
Sell Property,房产出售,地名,FixedTranslations
Sentret,尾立,精灵,精灵名称_英-中
Serene Grace,天恩,特性,特性名称_英-中
Serious,认真,地名,FixedTranslations
Serious Mint,认真薄荷,道具,道具名称_英-中
Serperior,君主蛇,精灵,精灵名称_英-中
Servine,青藤蛇,精灵,精灵名称_英-中
Set Attendant,设置同伴,地名,FixedTranslations
Seviper,饭匙蛇,精灵,精灵名称_英-中
Sewaddle,虫宝包,精灵,精灵名称_英-中
Shaderoot Carrot,黑萝卜,道具,道具名称_英-中
Shadow Ball,暗影球,技能,技能名称_英-中
Shadow Bone,暗影之骨,技能,技能名称_英-中
Shadow Claw,暗影爪,技能,技能名称_英-中
Shadow Force,暗影潜袭,技能,技能名称_英-中
Shadow Mail,影子邮件,道具,道具名称_英-中
Shadow Punch,暗影拳,技能,技能名称_英-中
Shadow Shield,幻影防守,特性,特性名称_英-中
Shadow Sneak,影子偷袭,技能,技能名称_英-中
Shadow Tag,踩影,特性,特性名称_英-中
Shalour Sable,娑罗沙布蕾,道具,道具名称_英-中
Sharp Beak,锐利鸟嘴,道具,道具名称_英-中
Sharpedo,巨牙鲨,精灵,精灵名称_英-中
Sharpedonite,巨牙鲨进化石,道具,道具名称_英-中
Sharpen,棱角化,技能,技能名称_英-中
Sharpness,锋锐,特性,特性名称_英-中
Shattered Psyche,至高精神破坏波,技能,技能名称_英-中
Shaymin,谢米,精灵,精灵名称_英-中
Shed Shell,美丽空壳,道具,道具名称_英-中
Shed Skin,蜕皮,特性,特性名称_英-中
Shed Tail,断尾,技能,技能名称_英-中
Shedinja,脱壳忍者,精灵,精灵名称_英-中
Sheer Cold,绝对零度,技能,技能名称_英-中
Sheer Force,强行,特性,特性名称_英-中
Shelgon,甲壳龙,精灵,精灵名称_英-中
Shell Armor,硬壳盔甲,特性,特性名称_英-中
Shell Bell,贝壳之铃,道具,道具名称_英-中
Shell Side Arm,臂贝武器,技能,技能名称_英-中
Shell Smash,破壳,技能,技能名称_英-中
Shell Trap,陷阱甲壳,技能,技能名称_英-中
Shellder,大舌贝,精灵,精灵名称_英-中
Shellos,无壳海兔,精灵,精灵名称_英-中
Shelmet,小嘴蜗,精灵,精灵名称_英-中
Shelter,闭关,技能,技能名称_英-中
Shield Dust,鳞粉,特性,特性名称_英-中
Shieldon,盾甲龙,精灵,精灵名称_英-中
Shields Down,界限盾壳,特性,特性名称_英-中
Shift Gear,换档,技能,技能名称_英-中
Shiftry,狡猾天狗,精灵,精灵名称_英-中
Shiinotic,灯罩夜菇,精灵,精灵名称_英-中
Shimmering Sea,波光的海,地名,PokemonCommonTranslation
Shimmering?Sea,波光的海,地名,FixedTranslations
Shinx,小猫怪,精灵,精灵名称_英-中
Shiny Charm,闪耀护符,道具,道具名称_英-中
Shiny Stone,光之石,道具,道具名称_英-中
Shoal Salt,浅滩海盐,道具,道具名称_英-中
Shoal Shell,浅滩贝壳,道具,道具名称_英-中
Shock Drive,闪电卡带,道具,道具名称_英-中
Shock Wave,电击波,技能,技能名称_英-中
Shore Up,集沙,技能,技能名称_英-中
Shroodle,滋汁鼹,精灵,精灵名称_英-中
Shroomish,蘑蘑菇,精灵,精灵名称_英-中
Shuca Berry,腰木果,道具,道具名称_英-中
Shuckle,壶壶,精灵,精灵名称_英-中
Shuppet,怨影娃娃,精灵,精灵名称_英-中
Sidney,花月,地名,FixedTranslations
Sigilyph,象征鸟,精灵,精灵名称_英-中
Signal Beam,信号光束,技能,技能名称_英-中
Silcoon,甲壳茧,精灵,精灵名称_英-中
Silicobra,沙包蛇,精灵,精灵名称_英-中
Silk Scarf,丝绸围巾,道具,道具名称_英-中
Silk Trap,线阱,技能,技能名称_英-中
Silph Scope,西尔佛检视镜,道具,道具名称_英-中
Silvally,银伴战兽,精灵,精灵名称_英-中
Silver Bottle,银钛水壶,道具,道具名称_英-中
Silver Cup,银钛水杯,道具,道具名称_英-中
Silver Leaf,银色叶子,道具,道具名称_英-中
Silver Nanab Berry,银色蕉香果,道具,道具名称_英-中
Silver Pick,银色三明治签,道具,道具名称_英-中
Silver Pinap Berry,银色凰梨果,道具,道具名称_英-中
Silver Powder,银粉,道具,道具名称_英-中
Silver Razz Berry,银色蔓莓果,道具,道具名称_英-中
Silver Wind,银色旋风,技能,技能名称_英-中
Silver Wing,银色之羽,道具,道具名称_英-中
SilverPowder,银粉,道具,道具名称_英-中
Simipour,冷水猿,精灵,精灵名称_英-中
Simisage,花椰猿,精灵,精灵名称_英-中
Simisear,爆香猿,精灵,精灵名称_英-中
Simon,西蒙,地名,FixedTranslations
Simple,单纯,特性,特性名称_英-中
Simple Beam,单纯光束,技能,技能名称_英-中
Sing,唱歌,技能,技能名称_英-中
Sinistcha,来悲粗茶,精灵名,PokemonCommonTranslation
Sinistea,来悲茶,精灵,精灵名称_英-中
Sinister Arrow Raid,遮天蔽日暗影箭,技能,技能名称_英-中
Sirfetch'd,葱游兵,精灵名,PokemonCommonTranslation
Sirfetch’d,葱游兵,精灵,精灵名称_英-中
Sitrus Berry,文柚果,道具,道具名称_英-中
Sizzlipede,烧火蚣,精灵,精灵名称_英-中
Sizzly Slide,熊熊火爆,技能,技能名称_英-中
Skarmory,盔甲鸟,精灵,精灵名称_英-中
Skeledirge,骨纹巨声鳄,精灵,精灵名称_英-中
Sketch,写生,技能,技能名称_英-中
Skiddo,坐骑小羊,精灵,精灵名称_英-中
Skill Imprint,技能烙印,地名,FixedTranslations
Skill Link,连续攻击,特性,特性名称_英-中
Skill Swap,特性互换,技能,技能名称_英-中
Skiploom,毽子花,精灵,精灵名称_英-中
Skitter Smack,爬击,技能,技能名称_英-中
Skitty,向尾喵,精灵,精灵名称_英-中
Skorupi,钳尾蝎,精灵,精灵名称_英-中
Skrelp,垃垃藻,精灵,精灵名称_英-中
Skull Bash,火箭头锤,技能,技能名称_英-中
Skull Fossil,头盖化石,道具,道具名称_英-中
Skuntank,坦克臭鼬,精灵,精灵名称_英-中
Skwovet,贪心栗鼠,精灵,精灵名称_英-中
Sky Attack,神鸟猛击,技能,技能名称_英-中
Sky Drop,自由落体,技能,技能名称_英-中
Sky Plate,蓝天石板,道具,道具名称_英-中
Sky Tumblestone,天蓝玉石,道具,道具名称_英-中
Sky Uppercut,冲天拳,技能,技能名称_英-中
Slack Off,偷懒,技能,技能名称_英-中
Slaking,请假王,精灵,精灵名称_英-中
Slakoth,懒人獭,精灵,精灵名称_英-中
Slam,摔打,技能,技能名称_英-中
Slash,劈开,技能,技能名称_英-中
Sleep Powder,催眠粉,技能,技能名称_英-中
Sleep Talk,梦话,技能,技能名称_英-中
Sliggoo,黏美儿,精灵,精灵名称_英-中
Slither Wing,爬地翅,精灵,精灵名称_英-中
Slow Start,慢启动,特性,特性名称_英-中
Slowbro,呆壳兽,精灵,精灵名称_英-中
Slowbronite,呆壳兽进化石,道具,道具名称_英-中
Slowking,呆呆王,精灵,精灵名称_英-中
Slowpoke,呆呆兽,精灵,精灵名称_英-中
Slowpoke Cup,呆呆兽水杯,道具,道具名称_英-中
Slowpoke Tail,美味尾巴,道具,道具名称_英-中
SltherWing,爬地翅,精灵名,PokemonCommonTranslation
Sludge,污泥攻击,技能,技能名称_英-中
Sludge Bomb,污泥炸弹,技能,技能名称_英-中
Sludge Wave,污泥波,技能,技能名称_英-中
Slugma,熔岩虫,精灵,精灵名称_英-中
Slurpuff,胖甜妮,精灵,精灵名称_英-中
Slush Rush,拨雪,特性,特性名称_英-中
Smack Down,击落,技能,技能名称_英-中
Small Bouquet,小小花束,道具,道具名称_英-中
Small Salad,小份沙拉,地名,FixedTranslations
Smart Candy,知识糖果,道具,道具名称_英-中
Smart Candy L,知识糖果L,道具,道具名称_英-中
Smart Candy XL,知识糖果XL,道具,道具名称_英-中
Smart Powder,聪明粉,地名,FixedTranslations
Smart Strike,修长之角,技能,技能名称_英-中
Smeargle,图图犬,精灵,精灵名称_英-中
Smelling Salts,清醒,技能,技能名称_英-中
SmellingSalt,清醒,技能,技能名称_英-中
Smiling Vee Pick,笑脸伊布三明治签,道具,道具名称_英-中
Smog,浊雾,技能,技能名称_英-中
Smoke Ball,烟雾球,道具,道具名称_英-中
Smoke Bomb,烟弹,道具,道具名称_英-中
Smoke-Poke Tails,烟熏尾巴,道具,道具名称_英-中
Smoked Fillet,烟熏鱼片,道具,道具名称_英-中
Smokescreen,烟幕,技能,技能名称_英-中
Smoliv,迷你芙,精灵,精灵名称_英-中
Smoochum,迷唇娃,精灵,精灵名称_英-中
Smooth Rock,沙沙岩石,道具,道具名称_英-中
Snap,猛咬,地名,FixedTranslations
Snap Trap,捕兽夹,技能,技能名称_英-中
Snarl,大声咆哮,技能,技能名称_英-中
Snatch,抢夺,技能,技能名称_英-中
Sneasel,狃拉,精灵,精灵名称_英-中
Sneasler,大狃拉,精灵,精灵名称_英-中
Snipe Shot,狙击,技能,技能名称_英-中
Sniper,狙击手,特性,特性名称_英-中
Snivy,藤藤蛇,精灵,精灵名称_英-中
Snom,雪吞虫,精灵,精灵名称_英-中
Snore,打鼾,技能,技能名称_英-中
Snorlax,卡比兽,精灵,精灵名称_英-中
Snorlium Z,卡比兽Z,道具,道具名称_英-中
Snorunt,雪童子,精灵,精灵名称_英-中
Snover,雪笠怪,精灵,精灵名称_英-中
Snow Balm,雪之镇宝,道具,道具名称_英-中
Snow Cloak,雪隐,特性,特性名称_英-中
Snow Mail,暴雪邮件,道具,道具名称_英-中
Snow Warning,降雪,特性,特性名称_英-中
Snowball,雪球,道具,道具名称_英-中
Snowscape,雪景,技能,技能名称_英-中
Snubbull,布鲁,精灵,精灵名称_英-中
Snuggle,依偎,地名,FixedTranslations
Soak,浸水,技能,技能名称_英-中
Sobble,泪眼蜥,精灵,精灵名称_英-中
Soda Pop,劲爽汽水,道具,道具名称_英-中
Soft Sand,柔软沙子,道具,道具名称_英-中
Soft-Boiled,生蛋,技能,技能名称_英-中
SoftBoiled,生蛋,技能,技能名称_英-中
Solar Beam,日光束,技能,技能名称_英-中
Solar Blade,日光刃,技能,技能名称_英-中
Solar Power,太阳之力,特性,特性名称_英-中
SolarBeam,日光束,技能,技能名称_英-中
Solgaleo,索尔迦雷欧,精灵,精灵名称_英-中
Solganium Z,索尔迦雷欧Z,道具,道具名称_英-中
Solid Rock,坚硬岩石,特性,特性名称_英-中
Solosis,单卵细胞球,精灵,精灵名称_英-中
Solrock,太阳岩,精灵,精灵名称_英-中
Sonia's Book,索妮亚的书,道具,PokemonCommonTranslation
Sonia’s Book,索妮亚的书,道具,道具名称_英-中
Sonic Boom,音爆,技能,技能名称_英-中
SonicBoom,音爆,技能,技能名称_英-中
Soot Sack,集灰袋,道具,道具名称_英-中
Sootfoot Root,烟芋,道具,道具名称_英-中
Soothe Bell,安抚之铃,道具,道具名称_英-中
Soul Dew,心之水滴,道具,道具名称_英-中
Soul Slate,心之石板,道具,道具名称_英-中
Soul-Heart,魂心,特性,特性名称_英-中
Soul-Stealing 7-Star Strike,七星夺魂腿,技能,技能名称_英-中
SoulBadge,粉红徽章,道具,道具名称_英-中
Soundproof,隔音,特性,特性名称_英-中
Sour Herba Mystica,秘传：酸味料,道具,道具名称_英-中
Space Balm,空之镇宝,道具,道具名称_英-中
Space Mail,空间邮件,道具,道具名称_英-中
Spacial Rend,亚空裂斩,技能,技能名称_英-中
Spar,切磋,地名,FixedTranslations
Spare Parts,零配件,地名,FixedTranslations
Spark,电光,技能,技能名称_英-中
Sparkling Aria,泡影的咏叹调,技能,技能名称_英-中
Sparkling Stone,光辉石,道具,道具名称_英-中
Sparkly Swirl,亮亮风暴,技能,技能名称_英-中
Spearow,烈雀,精灵,精灵名称_英-中
Spectral Thief,暗影偷盗,技能,技能名称_英-中
Spectrier,灵幽马,精灵,精灵名称_英-中
Speed Boost,加速,特性,特性名称_英-中
Speed Swap,速度互换,技能,技能名称_英-中
Spell Tag,诅咒之符,道具,道具名称_英-中
Spelon Berry,刺角果,道具,道具名称_英-中
Spenser,宇康,地名,FixedTranslations
Spewpa,粉蝶蛹,精灵,精灵名称_英-中
Spheal,海豹球,精灵,精灵名称_英-中
Spice MiX,香料组合,道具,道具名称_英-中
Spicy Extract,辣椒精华,技能,技能名称_英-中
Spicy Herba Mystica,秘传：辣味料,道具,道具名称_英-中
Spider Web,蛛网,技能,技能名称_英-中
Spidops,操陷蛛,精灵,精灵名称_英-中
Spike Cannon,尖刺加农炮,技能,技能名称_英-中
Spikes,撒菱,技能,技能名称_英-中
Spiky Shield,尖刺防守,技能,技能名称_英-中
Spin Out,疾速转轮,技能,技能名称_英-中
Spinarak,圆丝蛛,精灵,精灵名称_英-中
Spinda,晃晃斑,精灵,精灵名称_英-中
Spirit Break,灵魂冲击,技能,技能名称_英-中
Spirit Shackle,缝影,技能,技能名称_英-中
Spiritomb,花岩怪,精灵,精灵名称_英-中
Spit Up,喷出,技能,技能名称_英-中
Spite,怨恨,技能,技能名称_英-中
Splash,跃起,技能,技能名称_英-中
Splash Plate,水滴石板,道具,道具名称_英-中
Splintered Stormshards,狼啸石牙飓风暴,技能,技能名称_英-中
Splishy Splash,滔滔冲浪,技能,技能名称_英-中
Spoiled Apricorn,蛀球果,道具,道具名称_英-中
Spoink,跳跳猪,精灵,精灵名称_英-中
Spooky Plate,妖怪石板,道具,道具名称_英-中
Spooky Tablecloth,鬼祟桌巾,道具,道具名称_英-中
Spore,蘑菇孢子,技能,技能名称_英-中
Sport Ball,竞赛球,道具,道具名称_英-中
Spotlight,聚光灯,技能,技能名称_英-中
Sprayduck,可达鸭喷壶,道具,道具名称_英-中
Sprigatito,新叶喵,精灵,精灵名称_英-中
Springtide Storm,阳春风暴,技能,技能名称_英-中
Springy Mushroom,糯糯菇,道具,道具名称_英-中
Sprinklotad,莲叶童子喷壶,道具,道具名称_英-中
Spritzee,粉香香,精灵,精灵名称_英-中
Squall Slate,暴风石板,道具,道具名称_英-中
Squawkabilly,怒鹦哥,精灵,精灵名称_英-中
Squirtbottle,杰尼龟喷壶,道具,道具名称_英-中
Squirtle,杰尼龟,精灵,精灵名称_英-中
Stable Mulch,久久肥,道具,道具名称_英-中
Stacy,黛西,地名,FixedTranslations
Stakataka,垒磊石,精灵,精灵名称_英-中
Stakeout,蹲守,特性,特性名称_英-中
Stall,慢出,特性,特性名称_英-中
Stalwart,坚毅,特性,特性名称_英-中
Stamina,持久力,特性,特性名称_英-中
Stance Change,战斗切换,特性,特性名称_英-中
Stantler,惊角鹿,精灵,精灵名称_英-中
Star Piece,星星碎片,道具,道具名称_英-中
Star Sweet,星星糖饰,道具,道具名称_英-中
Staraptor,姆克鹰,精灵,精灵名称_英-中
Staravia,姆克鸟,精灵,精灵名称_英-中
Stardust,星星沙子,道具,道具名称_英-中
Starf Berry,星桃果,道具,道具名称_英-中
Starly,姆克儿,精灵,精灵名称_英-中
Starmie,宝石海星,精灵,精灵名称_英-中
Staryu,海星星,精灵,精灵名称_英-中
Static,静电,特性,特性名称_英-中
Stationery,文具用品,地名,FixedTranslations
Steadfast,不屈之心,特性,特性名称_英-中
Stealth Rock,隐形岩,技能,技能名称_英-中
Stealth Spray,匿声喷雾,道具,道具名称_英-中
Steam Engine,蒸汽机,特性,特性名称_英-中
Steam Eruption,蒸汽爆炸,技能,技能名称_英-中
Steamroller,疯狂滚压,技能,技能名称_英-中
Steel,钢,地名,FixedTranslations
Steel Beam,铁蹄光线,技能,技能名称_英-中
Steel Bottle (B),蓝纹不锈钢水壶,道具,道具名称_英-中
Steel Bottle (R),红纹不锈钢水壶,道具,道具名称_英-中
Steel Bottle (Y),黄纹不锈钢水壶,道具,道具名称_英-中
Steel Gem,钢之宝石,道具,道具名称_英-中
Steel Mail,钢铁邮件,道具,道具名称_英-中
Steel Memory,钢铁存储碟,道具,道具名称_英-中
Steel Roller,铁滚轮,技能,技能名称_英-中
Steel Tera Shard,钢太晶碎块,道具,道具名称_英-中
Steel Wing,钢翼,技能,技能名称_英-中
SteeliXite,大钢蛇进化石,道具,道具名称_英-中
Steelium Z,钢Z,道具,道具名称_英-中
Steelix,大钢蛇,精灵,精灵名称_英-中
Steelworker,钢能力者,特性,特性名称_英-中
Steely Spirit,钢之意志,特性,特性名称_英-中
Steenee,甜舞妮,精灵,精灵名称_英-中
Stench,恶臭,特性,特性名称_英-中
Steven,大吾,地名,FixedTranslations
Stick,大葱,道具,道具名称_英-中
Sticky Barb,附着针,道具,道具名称_英-中
Sticky Glob,黏丸,道具,道具名称_英-中
Sticky Hold,黏着,特性,特性名称_英-中
Sticky Web,黏黏网,技能,技能名称_英-中
Stockpile,蓄力,技能,技能名称_英-中
Stoked Sparksurfer,驾雷驭电戏冲浪,技能,技能名称_英-中
Stomp,踩踏,技能,技能名称_英-中
Stomping Tantrum,跺脚,技能,技能名称_英-中
Stone Axe,岩斧,技能,技能名称_英-中
Stone Edge,尖石攻击,技能,技能名称_英-中
Stone Plate,岩石石板,道具,道具名称_英-中
Stonjourner,巨石丁,精灵,精灵名称_英-中
Storage Key,仓库钥匙,道具,道具名称_英-中
Stored Power,辅助力量,技能,技能名称_英-中
Storm Drain,引水,特性,特性名称_英-中
Storm Throw,山岚摔,技能,技能名称_英-中
Stoutland,长毛狗,精灵,精灵名称_英-中
Strange Ball,奇异球,道具,道具名称_英-中
Strange Souvenir,神秘摆设,道具,道具名称_英-中
Strange Steam,神奇蒸汽,技能,技能名称_英-中
Stratospheric Slate,天空石板,道具,道具名称_英-中
Strawberry,草莓片,道具,道具名称_英-中
Strawberry Sweet,草莓糖饰,道具,道具名称_英-中
Strength,怪力,技能,技能名称_英-中
Strength Sap,吸取力量,技能,技能名称_英-中
Stretchy Spring,松掉的弹簧,道具,道具名称_英-中
Strib Berry,宛豆果,道具,道具名称_英-中
String Shot,吐丝,技能,技能名称_英-中
Striped Bottle,条纹水壶,道具,道具名称_英-中
Striped Cup,直条纹水杯,道具,道具名称_英-中
Striped Tablecloth,条纹桌巾,道具,道具名称_英-中
Strong Jaw,强壮之颚,特性,特性名称_英-中
Struggle,挣扎,技能,技能名称_英-中
Struggle Bug,虫之抵抗,技能,技能名称_英-中
Stuff Cheeks,大快朵颐,技能,技能名称_英-中
Stufful,童偶熊,精灵,精灵名称_英-中
Stun Spore,麻痹粉,技能,技能名称_英-中
Stunfisk,泥巴鱼,精灵,精灵名称_英-中
Stunky,臭鼬噗,精灵,精灵名称_英-中
Sturdy,结实,特性,特性名称_英-中
Style Card,时尚名人卡,道具,道具名称_英-中
Submission,地狱翻滚,技能,技能名称_英-中
Substitute,替身,技能,技能名称_英-中
Subzero Slammer,激狂大地万里冰,技能,技能名称_英-中
Sucker Punch,突袭,技能,技能名称_英-中
Suction Cups,吸盘,特性,特性名称_英-中
Sudowoodo,树才怪,精灵,精灵名称_英-中
Suicune,水君,精灵,精灵名称_英-中
Suite Key,房间钥匙,道具,道具名称_英-中
Sun Flute,太阳之笛,道具,道具名称_英-中
Sun Stone,日之石,道具,道具名称_英-中
Sunflora,向日花怪,精灵,精灵名称_英-中
Sunkern,向日种子,精灵,精灵名称_英-中
Sunny Day,大晴天,技能,技能名称_英-中
Sunrise Flower Pick,朝霞花三明治签,道具,道具名称_英-中
Sunset Flower Pick,夕阳花三明治签,道具,道具名称_英-中
Sunsteel Strike,流星闪冲,技能,技能名称_英-中
Super Fang,愤怒门牙,技能,技能名称_英-中
Super Luck,超幸运,特性,特性名称_英-中
Super Lure,白银香水,道具,道具名称_英-中
Super Potion,好伤药,道具,道具名称_英-中
Super Repel,白银喷雾,道具,道具名称_英-中
Super Rod,厉害钓竿,道具,道具名称_英-中
Superb Remedy,厉害中药,道具,道具名称_英-中
Superpower,蛮力,技能,技能名称_英-中
Supersonic,超音波,技能,技能名称_英-中
Supersonic Skystrike,极速俯冲轰烈撞,技能,技能名称_英-中
Supreme Overlord,大将,特性,特性名称_英-中
Surf,冲浪,技能,技能名称_英-中
Surf Mail,冲浪邮件,道具,道具名称_英-中
Surge Badge,桔色徽章,道具,道具名称_英-中
Surge Surfer,冲浪之尾,特性,特性名称_英-中
Surging Strikes,水流连打,技能,技能名称_英-中
Surprise Mulch,吃惊肥,道具,道具名称_英-中
Surskit,溜溜糖球,精灵,精灵名称_英-中
Survival Charm B,安全护符2,道具,道具名称_英-中
Survival Charm P,安全护符3,道具,道具名称_英-中
Survival Charm R,安全护符1,道具,道具名称_英-中
Survival Charm T,安全护符4,道具,道具名称_英-中
Survival Charm Y,安全护符5,道具,道具名称_英-中
Swablu,青绵鸟,精灵,精灵名称_英-中
Swadloon,宝包茧,精灵,精灵名称_英-中
Swagger,虚张声势,技能,技能名称_英-中
Swallow,吞下,技能,技能名称_英-中
Swalot,吞食兽,精灵,精灵名称_英-中
Swampert,巨沼怪,精灵,精灵名称_英-中
Swampertite,巨沼怪进化石,道具,道具名称_英-中
Swanna,舞天鹅,精灵,精灵名称_英-中
Swap Snack,颠倒烧,道具,道具名称_英-中
Swarm,虫之预感,特性,特性名称_英-中
Sweet Apple,甜甜苹果,道具,道具名称_英-中
Sweet Heart,心形甜点,道具,道具名称_英-中
Sweet Herba Mystica,秘传：甜味料,道具,道具名称_英-中
Sweet Kiss,天使之吻,技能,技能名称_英-中
Sweet Scent,甜甜香气,技能,技能名称_英-中
Sweet Veil,甜幕,特性,特性名称_英-中
Swellow,大王燕,精灵,精灵名称_英-中
Swift,高速星星,技能,技能名称_英-中
Swift Powder,瞬发粉,地名,FixedTranslations
Swift Swim,悠游自如,特性,特性名称_英-中
Swift Wing,瞬发之羽,道具,道具名称_英-中
Swinub,小山猪,精灵,精灵名称_英-中
Swirlix,绵绵泡芙,精灵,精灵名称_英-中
Switcheroo,掉包,技能,技能名称_英-中
Swoobat,心蝙蝠,精灵,精灵名称_英-中
Sword of Ruin,灾祸之剑,特性,特性名称_英-中
Swordcap,剑舞菇,道具,道具名称_英-中
Swords Dance,剑舞,技能,技能名称_英-中
Sylveon,仙子伊布,精灵,精灵名称_英-中
Symbiosis,共生,特性,特性名称_英-中
Synchronize,同步,特性,特性名称_英-中
Synchronoise,同步干扰,技能,技能名称_英-中
Synthesis,光合作用,技能,技能名称_英-中
TANOBY CHAMBERS,阿斯卡纳石室,地名,FixedTranslations
TANOBY KEY,阿斯卡纳锁,地名,FixedTranslations
TANOBY RUINS,阿斯卡纳遗迹,地名,FixedTranslations
TEXT,文本,菜单,PokemonCommonTranslation
THREE ISLAND,3岛,地名,FixedTranslations
THREE ISLE PATH,3岛隧道,地名,FixedTranslations
THREE ISLE PORT,3岛码头,地名,FixedTranslations
TIME,时间,菜单,PokemonCommonTranslation
TIME:,时间:,菜单,PokemonCommonTranslation
TM Case,招式学习器盒,道具,道具名称_英-中
TMV Pass,TMV自由票,道具,道具名称_英-中
TRADE,通信,地名,FixedTranslations
TRAINER HILL,训练家之丘,地名,FixedTranslations
TRAINER TOWER,训练家之塔,地名,FixedTranslations
TREASURE BEACH,宝物海滩,地名,FixedTranslations
TWO ISLAND,2岛,地名,FixedTranslations
Tabitha,火村,地名,FixedTranslations
Tablets of Ruin,灾祸之简,特性,特性名称_英-中
Tackle,撞击,技能,技能名称_英-中
Tadbulb,光蚪仔,精灵,精灵名称_英-中
Tail Glow,萤火,技能,技能名称_英-中
Tail Slap,扫尾拍打,技能,技能名称_英-中
Tail Whip,摇尾巴,技能,技能名称_英-中
Taillow,傲骨燕,精灵,精灵名称_英-中
Tailwind,顺风,技能,技能名称_英-中
Take Down,猛撞,技能,技能名称_英-中
Take Heart,勇气填充,技能,技能名称_英-中
Talonflame,烈箭鹰,精灵,精灵名称_英-中
Tamato Berry,茄番果,道具,道具名称_英-中
Tandemaus,一对鼠,精灵,精灵名称_英-中
Tanga Berry,扁樱果,道具,道具名称_英-中
Tangela,蔓藤怪,精灵,精灵名称_英-中
Tangled Feet,蹒跚,特性,特性名称_英-中
Tangling Hair,卷发,特性,特性名称_英-中
Tangrowth,巨蔓藤,精灵,精灵名称_英-中
Tapu Bulu,卡璞?哞哞,精灵名,PokemonCommonTranslation
Tapu Fini,卡璞?鳍鳍,精灵名,PokemonCommonTranslation
Tapu Koko,卡璞?鸣鸣,精灵名,PokemonCommonTranslation
Tapu Lele,卡璞?蝶蝶,精灵名,PokemonCommonTranslation
Tapunium Z,卡璞Z,道具,道具名称_英-中
Tar Shot,沥青射击,技能,技能名称_英-中
Tarountula,团珠蛛,精灵,精灵名称_英-中
Tart Apple,酸酸苹果,道具,道具名称_英-中
Tasty Leaf,美味叶子,地名,FixedTranslations
Tate,小枫,地名,FixedTranslations
Tatsugiri,米立龙,精灵,精灵名称_英-中
Taunt,挑衅,技能,技能名称_英-中
Tauros,肯泰罗,精灵,精灵名称_英-中
Tea,茶,道具,道具名称_英-中
Teachy TV,教学电视,道具,道具名称_英-中
Team Aqua,水舰队,地名,FixedTranslations
Team Magma,熔岩队,地名,FixedTranslations
Team Up,协作,地名,FixedTranslations
Tearful Look,泪眼汪汪,技能,技能名称_英-中
Teatime,茶会,技能,技能名称_英-中
Technician,技术高手,特性,特性名称_英-中
Techno Blast,高科技光炮,技能,技能名称_英-中
Tectonic Rage,地隆啸天大终结,技能,技能名称_英-中
Tectonic Slate,大陆石板,道具,道具名称_英-中
Teddiursa,熊宝宝,精灵,精灵名称_英-中
Teeter Dance,摇晃舞,技能,技能名称_英-中
Telekinesis,意念移物,技能,技能名称_英-中
Telepathy,心灵感应,特性,特性名称_英-中
Teleport,瞬间移动,技能,PokemonCommonTranslation
Tempting Charm B,替身护符2,道具,道具名称_英-中
Tempting Charm P,替身护符3,道具,道具名称_英-中
Tempting Charm R,替身护符1,道具,道具名称_英-中
Tempting Charm T,替身护符4,道具,道具名称_英-中
Tempting Charm Y,替身护符5,道具,道具名称_英-中
Tentacool,玛瑙水母,精灵,精灵名称_英-中
Tentacruel,毒刺水母,精灵,精灵名称_英-中
Tepig,暖暖猪,精灵,精灵名称_英-中
Tera Blast,太晶爆发,技能,技能名称_英-中
Tera Orb,太晶珠,道具,道具名称_英-中
Teravolt,兆级电压,特性,特性名称_英-中
Terrain EXtender,大地膜,道具,道具名称_英-中
Terrain Pulse,大地波动,技能,技能名称_英-中
Terrakion,代拉基翁,精灵,精灵名称_英-中
Thanks Mail,感谢邮件,道具,道具名称_英-中
The Little Cozy,小安乐窝,地名,FixedTranslations
Thermal Exchange,热交换,特性,特性名称_英-中
Thick Club,粗骨头,道具,道具名称_英-中
Thick Fat,厚脂肪,特性,特性名称_英-中
Thief,小偷,技能,技能名称_英-中
Thievul,狐大盗,精灵,精灵名称_英-中
Thousand Arrows,千箭齐发,技能,技能名称_英-中
Thousand Waves,千波激荡,技能,技能名称_英-中
Thrash,大闹一番,技能,技能名称_英-中
Throat Chop,地狱突刺,技能,技能名称_英-中
Throat Spray,爽喉喷雾,道具,道具名称_英-中
Throh,投摔鬼,精灵,精灵名称_英-中
Thunder,打雷,技能,技能名称_英-中
Thunder Cage,雷电囚笼,技能,技能名称_英-中
Thunder Fang,雷电牙,技能,技能名称_英-中
Thunder Punch,雷电拳,技能,技能名称_英-中
Thunder Shock,电击,技能,技能名称_英-中
Thunder Stone,雷之石,道具,道具名称_英-中
Thunder Wave,电磁波,技能,技能名称_英-中
ThunderBadge,橙色徽章,道具,道具名称_英-中
ThunderPunch,雷电拳,技能,技能名称_英-中
ThunderShock,电击,技能,技能名称_英-中
ThunderStone,雷之石,道具,道具名称_英-中
Thunderbolt,十万伏特,技能,技能名称_英-中
Thunderous Kick,雷鸣蹴击,技能,技能名称_英-中
Thundurus,雷电云,精灵,精灵名称_英-中
Thwackey,啪咚猴,精灵,精灵名称_英-中
Tickle,挠痒,技能,技能名称_英-中
Tidal Bell,海声铃铛,道具,道具名称_英-中
Tidy Up,大扫除,技能,技能名称_英-中
Timburr,搬运小匠,精灵,精灵名称_英-中
Time Balm,时之镇宝,道具,道具名称_英-中
Timer Ball,计时球,道具,道具名称_英-中
Timid,胆小,地名,FixedTranslations
Timid Mint,胆小薄荷,道具,道具名称_英-中
Ting-Lu,古鼎鹿,精灵,精灵名称_英-中
Tinkatink,小锻匠,精灵,精灵名称_英-中
Tinkaton,巨锻匠,精灵,精灵名称_英-中
Tinkatuff,巧锻匠,精灵,精灵名称_英-中
Tins of Beans,豆子罐头,道具,道具名称_英-中
Tinted Lens,有色眼镜,特性,特性名称_英-中
Tiny Bamboo Shoot,小竹笋,道具,道具名称_英-中
Tiny Mushroom,小蘑菇,道具,道具名称_英-中
TinyMushroom,小蘑菇,道具,道具名称_英-中
Tirtouga,原盖海龟,精灵,精灵名称_英-中
ToXic Orb,剧毒宝珠,道具,道具名称_英-中
ToXic Plate,剧毒石板,道具,道具名称_英-中
Toedscool,原野水母,精灵,精灵名称_英-中
Toedscruel,陆地水母,精灵,精灵名称_英-中
Tofu,豆腐,道具,道具名称_英-中
Togedemaru,托戈德玛尔,精灵,精灵名称_英-中
Togekiss,波克基斯,精灵,精灵名称_英-中
Togepi,波克比,精灵,精灵名称_英-中
Togetic,波克基古,精灵,精灵名称_英-中
Tomato,番茄片,道具,道具名称_英-中
Tonic Water,奎宁水,地名,FixedTranslations
Topo Berry,薯薯果,道具,道具名称_英-中
Topsy-Turvy,颠倒,技能,技能名称_英-中
Torch Song,闪焰高歌,技能,技能名称_英-中
Torchic,火稚鸡,精灵,精灵名称_英-中
Torkoal,煤炭龟,精灵,精灵名称_英-中
Torment,无理取闹,技能,技能名称_英-中
Torn Journal,破损日记,道具,道具名称_英-中
Tornadus,龙卷云,精灵,精灵名称_英-中
Torracat,炎热喵,精灵,精灵名称_英-中
Torrent,激流,特性,特性名称_英-中
Torterra,土台龟,精灵,精灵名称_英-中
Totodile,小锯鳄,精灵,精灵名称_英-中
Toucannon,铳嘴大鸟,精灵,精灵名称_英-中
Touga Berry,辛子果,道具,道具名称_英-中
Tough Candy,守护糖果,道具,道具名称_英-中
Tough Candy L,守护糖果L,道具,道具名称_英-中
Tough Candy XL,守护糖果XL,道具,道具名称_英-中
Tough Claws,硬爪,特性,特性名称_英-中
Tough Powder,强壮粉,地名,FixedTranslations
Town Map,城镇地图,道具,道具名称_英-中
Toxapex,超坏星,精灵,精灵名称_英-中
Toxel,电音婴,精灵,精灵名称_英-中
Toxic,剧毒,技能,技能名称_英-中
Toxic Boost,中毒激升,特性,特性名称_英-中
Toxic Debris,毒满地,特性,特性名称_英-中
Toxic Spikes,毒菱,技能,技能名称_英-中
Toxic Thread,毒丝,技能,技能名称_英-中
Toxicroak,毒骷蛙,精灵,精灵名称_英-中
Toxtricity,颤弦蝾螈,精灵,精灵名称_英-中
Trace,复制,特性,特性名称_英-中
Trailblaze,起草,技能,技能名称_英-中
Tranquill,咕咕鸽,精灵,精灵名称_英-中
Transform,变身,技能,技能名称_英-中
Transistor,电晶体,特性,特性名称_英-中
Trapinch,大颚蚁,精灵,精灵名称_英-中
Travel Trunk,衣物箱,道具,道具名称_英-中
Treecko,木守宫,精灵,精灵名称_英-中
Trevenant,朽木妖,精灵,精灵名称_英-中
Tri Attack,三重攻击,技能,技能名称_英-中
Tri-Pass,三岛通行证,道具,道具名称_英-中
Triage,先行治疗,特性,特性名称_英-中
Trick,戏法,技能,技能名称_英-中
Trick Room,戏法空间,技能,技能名称_英-中
Trick-or-Treat,万圣夜,技能,技能名称_英-中
Triple Arrows,三连箭,技能,技能名称_英-中
Triple Axel,三旋击,技能,技能名称_英-中
Triple Dive,三连钻,技能,技能名称_英-中
Triple Kick,三连踢,技能,技能名称_英-中
Triton's Bridge,海卫一桥,地名,PokemonCommonTranslation
Triton’s?Bridge,海卫一桥,地名,FixedTranslations
Trop Kick,热带踢,技能,技能名称_英-中
Tropic Mail,热带邮件,道具,道具名称_英-中
Tropical Mail,热带邮件,道具,道具名称_英-中
Tropical Shell,南国贝壳,道具,道具名称_英-中
Tropius,热带龙,精灵,精灵名称_英-中
Troy,特洛,地名,FixedTranslations
Truant,懒惰,特性,特性名称_英-中
Trubbish,破破袋,精灵,精灵名称_英-中
Trumbeak,喇叭啄鸟,精灵,精灵名称_英-中
Trump Card,王牌,技能,技能名称_英-中
Tsareena,甜冷美后,精灵,精灵名称_英-中
Tucker,希尔斯,地名,FixedTranslations
Tumblestone,玉石,道具,道具名称_英-中
Tunnel Mail,隧道邮件,道具,道具名称_英-中
Turboblaze,涡轮火焰,特性,特性名称_英-中
Turtonator,爆焰龟兽,精灵,精灵名称_英-中
Turtwig,草苗龟,精灵,精灵名称_英-中
Tutor Voucher,教师证件,地名,FixedTranslations
Twice-Spiced Radish,双倍腌菜,道具,道具名称_英-中
Twin Beam,双光束,技能,技能名称_英-中
Twineedle,双针,技能,技能名称_英-中
Twinkle Tackle,可爱星星飞天撞,技能,技能名称_英-中
Twisted Spoon,弯曲的汤匙,道具,道具名称_英-中
TwistedSpoon,弯曲的汤匙,道具,道具名称_英-中
Twister,龙卷风,技能,技能名称_英-中
Ty,小戴,地名,FixedTranslations
Tympole,圆蝌蚪,精灵,精灵名称_英-中
Tynamo,麻麻小鱼,精灵,精灵名称_英-中
Type: Null,属性：空,精灵,精灵名称_英-中
Typhlosion,火暴兽,精灵,精灵名称_英-中
Tyranitar,班基拉斯,精灵,精灵名称_英-中
Tyranitarite,班基拉斯进化石,道具,道具名称_英-中
Tyrantrum,怪颚龙,精灵,精灵名称_英-中
Tyrogue,无畏小子,精灵,精灵名称_英-中
Tyrunt,宝宝暴龙,精灵,精灵名称_英-中
U-turn,急速折返,技能,技能名称_英-中
UNDERGROUND PATH,地下通道,地名,FixedTranslations
UNDERWATER,水下,地名,FixedTranslations
UXie's Claw,由克希之爪,道具,PokemonCommonTranslation
UXie’s Claw,由克希之爪,道具,道具名称_英-中
Ultra Ball,高级球,道具,道具名称_英-中
Ultranecrozium Z,究极奈克洛Z,道具,道具名称_英-中
Umber Mine,焦茶矿山,地名,PokemonCommonTranslation
Umber Valley,焦茶溪谷,地名,PokemonCommonTranslation
Umber?Mine,焦茶矿山,地名,FixedTranslations
Umber?Valley,焦茶溪谷,地名,FixedTranslations
Umbreon,月亮伊布,精灵,精灵名称_英-中
Unaware,纯朴,特性,特性名称_英-中
Unburden,轻装,特性,特性名称_英-中
Uncommon,罕见,地名,FixedTranslations
Unfezant,高傲雉鸡,精灵,精灵名称_英-中
Unnerve,紧张感,特性,特性名称_英-中
Unown,未知图腾,精灵,精灵名称_英-中
Unown Report,未知图腾笔记,道具,道具名称_英-中
Unseen Fist,无形拳,特性,特性名称_英-中
Up-Grade,升级数据,道具,道具名称_英-中
Uproar,吵闹,技能,技能名称_英-中
Ursaluna,月月熊,精灵,精灵名称_英-中
Ursaring,圈圈熊,精灵,精灵名称_英-中
Urshifu,武道熊师,精灵,精灵名称_英-中
User,使用者,地名,FixedTranslations
Utility Umbrella,万能伞,道具,道具名称_英-中
Uxie,由克希,精灵,精灵名称_英-中
V-create,V热焰,技能,技能名称_英-中
VERDANTURF TOWN,绿茵镇,地名,FixedTranslations
VERMILION CITY,枯叶市,地名,FixedTranslations
VERY EASY,非常简单,菜单,PokemonCommonTranslation
VERY HARD,非常困难,菜单,PokemonCommonTranslation
VERY HIGH,非常高,菜单,PokemonCommonTranslation
VERY LOW,非常低,菜单,PokemonCommonTranslation
VERY SLOW,非常慢,菜单,PokemonCommonTranslation
VIAPOIS CHAMBER,澳利弗石室,地名,FixedTranslations
VICTORY ROAD,冠军之路,地名,FixedTranslations
VIRIDIAN CITY,常青市,地名,FixedTranslations
VIRIDIAN FOREST,常青森林,地名,FixedTranslations
Vacuum Wave,真空波,技能,技能名称_英-中
Vanillish,多多冰,精灵,精灵名称_英-中
Vanillite,迷你冰,精灵,精灵名称_英-中
Vanilluxe,双倍多多冰,精灵,精灵名称_英-中
Vaporeon,水伊布,精灵,精灵名称_英-中
Varoom,噗隆隆,精灵,精灵名称_英-中
Vee-Vee Pick,伊布三明治签,道具,道具名称_英-中
Veevee Volley,砰砰击破,技能,技能名称_英-中
Veluza,轻身鳕,精灵,精灵名称_英-中
Venipede,百足蜈蚣,精灵,精灵名称_英-中
Venom Drench,毒液陷阱,技能,技能名称_英-中
Venomoth,摩鲁蛾,精灵,精灵名称_英-中
Venonat,毛球,精灵,精灵名称_英-中
Venoshock,毒液冲击,技能,技能名称_英-中
Venusaur,妙蛙花,精灵,精灵名称_英-中
Venusaurite,妙蛙花进化石,道具,道具名称_英-中
Verlume,阿明,地名,FixedTranslations
Verlume Pass,流明小路,地名,PokemonCommonTranslation
Verlume?Pass,流明小路,地名,FixedTranslations
Vespiquen,蜂女王,精灵,精灵名称_英-中
Vessel of Ruin,灾祸之鼎,特性,特性名称_英-中
Vibrava,超音波幼虫,精灵,精灵名称_英-中
ViceGrip,剪断,技能,技能名称_英-中
Victini,比克提尼,精灵,精灵名称_英-中
Victory Dance,胜利之舞,技能,技能名称_英-中
Victory Star,胜利之星,特性,特性名称_英-中
Victreebel,大食花,精灵,精灵名称_英-中
Vigoroth,过动猿,精灵,精灵名称_英-中
Vikavolt,锹农炮虫,精灵,精灵名称_英-中
Vileplume,霸王花,精灵,精灵名称_英-中
Vine Whip,藤鞭,技能,技能名称_英-中
Vinegar,醋,道具,道具名称_英-中
Violet Book,紫之书,道具,道具名称_英-中
Virizion,毕力吉翁,精灵,精灵名称_英-中
Vise Grip,夹住,技能,技能名称_英-中
Vital Spirit,干劲,特性,特性名称_英-中
Vital Throw,借力摔,技能,技能名称_英-中
Vivichoke,活力蕾,道具,道具名称_英-中
Vivillon,彩粉蝶,精灵,精灵名称_英-中
Volbeat,电萤虫,精灵,精灵名称_英-中
Volcanion,波尔凯尼恩,精灵,精灵名称_英-中
Volcano Balm,火山镇宝,道具,道具名称_英-中
VolcanoBadge,深红徽章,道具,道具名称_英-中
Volcarona,火神蛾,精灵,精灵名称_英-中
Volt Absorb,蓄电,特性,特性名称_英-中
Volt Switch,伏特替换,技能,技能名称_英-中
Volt Tackle,伏特攻击,技能,技能名称_英-中
Voltorb,霹雳电球,精灵,精灵名称_英-中
Vs Seeker,对战搜寻器,道具,道具名称_英-中
Vs. Recorder,对战记录器,道具,道具名称_英-中
Vs. Seeker,对战搜寻器,道具,道具名称_英-中
Vullaby,秃鹰丫头,精灵,精灵名称_英-中
Vulpix,六尾,精灵,精灵名称_英-中
WATER LABYRINTH,水之迷宫,地名,FixedTranslations
WATER PATH,水之步道,地名,FixedTranslations
WEEPTH CHAMBER,由格石室,地名,FixedTranslations
Wacan Berry,烛木果,道具,道具名称_英-中
Wailmer,吼吼鲸,精灵,精灵名称_英-中
Wailmer Pail,吼吼鲸喷壶,道具,道具名称_英-中
Wailord,吼鲸王,精灵,精灵名称_英-中
Wake-Up Slap,唤醒巴掌,技能,技能名称_英-中
Walking Wake,波荡水,精灵名,PokemonCommonTranslation
WalkngWake,波荡水,精灵名,PokemonCommonTranslation
Wall Fragment,石板碎块,道具,道具名称_英-中
Wallace,米可利,地名,FixedTranslations
Wally,满充,地名,FixedTranslations
Walrein,帝牙海狮,精灵,精灵名称_英-中
Wanda,阿满,地名,FixedTranslations
Wandering Spirit,游魂,特性,特性名称_英-中
Warding Charm B,健康护符2,道具,道具名称_英-中
Warding Charm P,健康护符3,道具,道具名称_英-中
Warding Charm R,健康护符1,道具,道具名称_英-中
Warding Charm T,健康护符4,道具,道具名称_英-中
Warding Charm Y,健康护符5,道具,道具名称_英-中
Wartortle,卡咪龟,精灵,精灵名称_英-中
Wasabi,芥末酱,道具,道具名称_英-中
Wastelands,虚无之地,地名,FixedTranslations
Watchog,步哨鼠,精灵,精灵名称_英-中
Water,水,地名,FixedTranslations
Water Absorb,储水,特性,特性名称_英-中
Water Bubble,水泡,特性,特性名称_英-中
Water Compaction,遇水凝固,特性,特性名称_英-中
Water Gem,水之宝石,道具,道具名称_英-中
Water Gun,水枪,技能,技能名称_英-中
Water Memory,清水存储碟,道具,道具名称_英-中
Water Pledge,水之誓约,技能,技能名称_英-中
Water Pulse,水之波动,技能,技能名称_英-中
Water Shuriken,飞水手里剑,技能,技能名称_英-中
Water Sport,玩水,技能,技能名称_英-中
Water Spout,喷水,技能,技能名称_英-中
Water Stone,水之石,道具,道具名称_英-中
Water Tera Shard,水太晶碎块,道具,道具名称_英-中
Water Veil,水幕,特性,特性名称_英-中
Watercress,豆瓣菜,道具,道具名称_英-中
Waterfall,攀瀑,技能,技能名称_英-中
Waterium Z,水Z,道具,道具名称_英-中
Watmel Berry,瓜西果,道具,道具名称_英-中
Wattrel,电海燕,精灵,精灵名称_英-中
Wattson,铁旋,地名,FixedTranslations
Wave Crash,波动冲,技能,技能名称_英-中
Wave Incense,涟漪薰香,道具,道具名称_英-中
Wave Mail,波涛邮件,道具,道具名称_英-中
Weak Armor,碎裂铠甲,特性,特性名称_英-中
Weakness Policy,弱点保险,道具,道具名称_英-中
Weather Ball,气象球,技能,技能名称_英-中
Weavile,玛狃拉,精灵,精灵名称_英-中
Weedle,独角虫,精灵,精灵名称_英-中
Weepinbell,口呆花,精灵,精灵名称_英-中
Weezing,双弹瓦斯,精灵,精灵名称_英-中
Welcome,欢迎,测试,PokemonCommonTranslation
Well-Baked Body,焦香之躯,特性,特性名称_英-中
Wepear Berry,西梨果,道具,道具名称_英-中
Whimsical Tablecloth,幻彩桌巾,道具,道具名称_英-中
Whimsicott,风妖精,精灵,精灵名称_英-中
Whipped Cream,鲜奶油,道具,道具名称_英-中
Whipped Dream,泡沫黄油,道具,道具名称_英-中
Whirlipede,车轮球,精灵,精灵名称_英-中
Whirlpool,潮旋,技能,技能名称_英-中
Whirlwind,吹飞,技能,技能名称_英-中
Whiscash,鲶鱼王,精灵,精灵名称_英-中
Whismur,咕妞妞,精灵,精灵名称_英-中
White Apricorn,白球果,道具,道具名称_英-中
White Dish,白色盘子,道具,道具名称_英-中
White Flute,白色玻璃哨,道具,道具名称_英-中
White Herb,白色香草,道具,道具名称_英-中
White Mane Hair,白色鬃毛,道具,道具名称_英-中
White Smoke,白色烟雾,特性,特性名称_英-中
Wicked Blow,暗冥强击,技能,技能名称_英-中
Wicked Torque,黑暗暴冲,技能,技能名称_英-中
Wide Guard,广域防守,技能,技能名称_英-中
Wide Lens,广角镜,道具,道具名称_英-中
Wigglytuff,胖可丁,精灵,精灵名称_英-中
Wiglett,海地鼠,精灵,精灵名称_英-中
Wiki Berry,异奇果,道具,道具名称_英-中
Wild Charge,疯狂伏特,技能,技能名称_英-中
Wildbolt Storm,鸣雷风暴,技能,技能名称_英-中
Will-O-Wisp,鬼火,技能,技能名称_英-中
Wimp Out,跃跃欲逃,特性,特性名称_英-中
Wimpod,胆小虫,精灵,精灵名称_英-中
Wind Power,风力发电,特性,特性名称_英-中
Wind Rider,乘风,特性,特性名称_英-中
Wing Attack,翅膀攻击,技能,技能名称_英-中
Wing Ball,飞翼球,道具,道具名称_英-中
Wingull,长翅鸥,精灵,精灵名称_英-中
Winking Pika Pick,眨眼皮卡丘三明治签,道具,道具名称_英-中
Winona,娜琪,地名,FixedTranslations
Wireless PC,无线电脑,地名,FixedTranslations
Wise Glasses,博识眼镜,道具,道具名称_英-中
Wish,祈愿,技能,技能名称_英-中
Wishing Chip,许愿星碎片,道具,道具名称_英-中
Wishing Pieces,许愿星块,道具,道具名称_英-中
Wishing Star,许愿星,道具,道具名称_英-中
Wishiwashi,弱丁鱼,精灵,精灵名称_英-中
Withdraw,缩入壳中,技能,技能名称_英-中
Wo-Chien,古简蜗,精灵,精灵名称_英-中
Wobbuffet,果然翁,精灵,精灵名称_英-中
Wonder Guard,神奇守护,特性,特性名称_英-中
Wonder Room,奇妙空间,技能,技能名称_英-中
Wonder Skin,奇迹皮肤,特性,特性名称_英-中
Woobat,滚滚蝙蝠,精灵,精灵名称_英-中
Wood,木材,道具,道具名称_英-中
Wood Hammer,木槌,技能,技能名称_英-中
Wood Mail,木纹邮件,道具,道具名称_英-中
Wooden Crown,木雕王冠,道具,道具名称_英-中
Wooloo,毛辫羊,精灵,精灵名称_英-中
Wooper,乌波,精灵,精灵名称_英-中
Work Up,自我激励,技能,技能名称_英-中
Works Key,发电厂钥匙,道具,道具名称_英-中
Wormadam,结草贵妇,精灵,精灵名称_英-中
Worry Seed,烦恼种子,技能,技能名称_英-中
Wrap,紧束,技能,技能名称_英-中
Wring Out,绞紧,技能,技能名称_英-中
Wugtrio,三海地鼠,精灵,精灵名称_英-中
Wurmple,刺尾虫,精灵,精灵名称_英-中
Wynaut,小果然,精灵,精灵名称_英-中
Wyrdeer,诡角鹿,精灵,精灵名称_英-中
X Accuracy,命中强化,道具,道具名称_英-中
X Attack,力量强化,道具,道具名称_英-中
X Defend,防御强化,道具,道具名称_英-中
X Defense,防御强化,道具,道具名称_英-中
X Sp. Atk,特攻强化,道具,道具名称_英-中
X Sp. Def,特防强化,道具,道具名称_英-中
X Special,特攻强化,道具,道具名称_英-中
X Speed,速度强化,道具,道具名称_英-中
X-Scissor,十字剪,技能,技能名称_英-中
Xatu,天然鸟,精灵,精灵名称_英-中
Xerneas,哲尔尼亚斯,精灵,精灵名称_英-中
Xtransceiver,即时通讯器,道具,道具名称_英-中
Xurkitree,电束木,精灵,精灵名称_英-中
Yache Berry,番荔果,道具,道具名称_英-中
Yago Berry,菩达果,道具,道具名称_英-中
Yamask,哭哭面具,精灵,精灵名称_英-中
Yamper,来电汪,精灵,精灵名称_英-中
Yanma,蜻蜻蜓,精灵,精灵名称_英-中
Yanmega,远古巨蜓,精灵,精灵名称_英-中
Yarn Ball,毛线球,道具,道具名称_英-中
Yawn,哈欠,技能,技能名称_英-中
Yellow Apricorn,黄球果,道具,道具名称_英-中
Yellow Bell Pepper,黄椒片,道具,道具名称_英-中
Yellow Bottle,黄色水壶,道具,道具名称_英-中
Yellow Cup,黄色水杯,道具,道具名称_英-中
Yellow Dish,黄色盘子,道具,道具名称_英-中
Yellow Flute,黄色玻璃哨,道具,道具名称_英-中
Yellow Nectar,金黄色花蜜,道具,道具名称_英-中
Yellow Petal,黄色花瓣,道具,道具名称_英-中
Yellow Scarf,黄色头巾,道具,道具名称_英-中
Yellow Shard,黄色碎片,道具,道具名称_英-中
Yellow Tablecloth,黄色桌巾,道具,道具名称_英-中
Yogurt,酸奶,道具,道具名称_英-中
Yungoos,猫鼬少,精灵,精灵名称_英-中
Yveltal,伊裴尔塔尔,精灵,精灵名称_英-中
Z-Power Ring,Z强力手环,道具,道具名称_英-中
Z-Ring,Z手环,道具,道具名称_英-中
Zacian,苍响,精灵,精灵名称_英-中
Zahida,西达,地名,FixedTranslations
Zamazenta,藏玛然特,精灵,精灵名称_英-中
Zangoose,猫鼬斩,精灵,精灵名称_英-中
Zap Cannon,电磁炮,技能,技能名称_英-中
Zap Plate,雷电石板,道具,道具名称_英-中
Zapdos,闪电鸟,精灵,精灵名称_英-中
Zarude,萨戮德,精灵,精灵名称_英-中
Zebstrika,雷电斑马,精灵,精灵名称_英-中
Zekrom,捷克罗姆,精灵,精灵名称_英-中
Zen Headbutt,意念头锤,技能,技能名称_英-中
Zen Mode,达摩模式,特性,特性名称_英-中
Zeraora,捷拉奥拉,精灵,精灵名称_英-中
Zero to Hero,全能变身,特性,特性名称_英-中
Zigzagoon,蛇纹熊,精灵,精灵名称_英-中
Zinc,特防增强剂,道具,道具名称_英-中
Zing Zap,麻麻刺刺,技能,技能名称_英-中
Zinnia,希嘉娜,地名,FixedTranslations
Zippy Zap,电电加速,技能,技能名称_英-中
Zoom Lens,对焦镜,道具,道具名称_英-中
Zoroark,索罗亚克,精灵,精灵名称_英-中
Zorua,索罗亚,精灵,精灵名称_英-中
Zubat,超音蝠,精灵,精灵名称_英-中
Zweilous,双首暴龙,精灵,精灵名称_英-中
Zygarde,基格尔德,精灵,精灵名称_英-中
Zygarde Cube,基格尔德多面体,道具,道具名称_英-中
[Po][Ke][BL][OC][K] CASE,能量方块盒,道具,道具名称_英-中
attack,攻击,地名,FixedTranslations
kingpin,精英怪,地名,FixedTranslations
mega,超进化,地名,FixedTranslations
nature,性格,地名,FixedTranslations
paralysis,麻痹,地名,FixedTranslations
title defense,卫冕战,地名,FixedTranslations
